id,date_created,name
1,2013-11-03T22:16:00.000Z,gast 1
2,2011-07-26T18:04:00.000Z,gast 2
3,2011-07-18T10:27:00.000Z,gast 3
4,2010-01-05T14:15:00.000Z,gast 4
5,2011-01-09T23:03:00.000Z,gast 5
6,2011-08-30T11:30:00.000Z,gast 6
7,2013-06-07T15:55:00.000Z,gast 7
8,2010-08-02T01:13:00.000Z,gast 8
9,2011-06-18T05:32:00.000Z,gast 9
10,2011-11-05T12:38:00.000Z,gast 10
11,2012-08-27T02:14:00.000Z,gast 11
12,2011-09-15T01:01:00.000Z,gast 12
13,2012-08-16T09:38:00.000Z,gast 13
14,2010-08-16T03:34:00.000Z,gast 14
15,2011-10-12T07:59:00.000Z,gast 15
16,2013-07-02T16:05:00.000Z,gast 16
17,2010-01-21T02:18:00.000Z,gast 17
18,2012-03-07T21:03:00.000Z,gast 18
19,2011-07-05T10:32:00.000Z,gast 19
20,2010-06-14T18:37:00.000Z,gast 20
21,2011-04-17T03:48:00.000Z,gast 21
22,2010-02-10T04:23:00.000Z,gast 22
23,2011-06-27T08:29:00.000Z,gast 23
24,2013-09-02T00:52:00.000Z,gast 24
25,2009-08-24T11:24:00.000Z,gast 25
26,2012-02-23T21:39:00.000Z,gast 26
27,2010-08-18T09:14:00.000Z,gast 27
28,2009-02-22T13:39:00.000Z,gast 28
29,2011-03-25T20:10:00.000Z,gast 29
30,2010-12-29T16:35:00.000Z,gast 30
31,2013-07-28T16:57:00.000Z,gast 31
32,2011-03-08T17:48:00.000Z,gast 32
33,2010-12-25T10:58:00.000Z,gast 33
34,2009-06-20T04:25:00.000Z,gast 34
35,2011-12-28T09:08:00.000Z,gast 35
36,2010-05-16T01:01:00.000Z,gast 36
37,2009-08-23T04:30:00.000Z,gast 37
38,2011-06-11T19:33:00.000Z,gast 38
39,2011-12-30T19:02:00.000Z,gast 39
40,2012-09-26T08:47:00.000Z,gast 40
41,2011-10-22T01:52:00.000Z,gast 41
42,2011-06-03T13:55:00.000Z,gast 42
43,2010-10-11T05:24:00.000Z,gast 43
44,2012-12-17T07:38:00.000Z,gast 44
45,2011-08-12T21:30:00.000Z,gast 45
46,2010-09-15T13:12:00.000Z,gast 46
47,2009-03-13T17:24:00.000Z,gast 47
48,2009-10-21T02:02:00.000Z,gast 48
49,2011-09-01T07:01:00.000Z,gast 49
50,2011-06-04T01:20:00.000Z,gast 50
51,2012-01-25T20:32:00.000Z,gast 51
52,2011-02-17T16:15:00.000Z,gast 52
53,2010-03-23T06:19:00.000Z,gast 53
54,2010-12-07T10:17:00.000Z,gast 54
55,2011-04-06T16:06:00.000Z,gast 55
56,2010-02-18T19:30:00.000Z,gast 56
57,2010-10-06T16:26:00.000Z,gast 57
58,2010-05-19T17:30:00.000Z,gast 58
59,2010-11-29T01:20:00.000Z,gast 59
60,2011-09-21T10:51:00.000Z,gast 60
61,2011-06-25T07:27:00.000Z,gast 61
62,2010-05-26T22:50:00.000Z,gast 62
63,2011-04-27T03:29:00.000Z,gast 63
64,2013-02-10T01:45:00.000Z,gast 64
65,2013-04-28T08:33:00.000Z,gast 65
66,2009-03-24T20:54:00.000Z,gast 66
67,2012-05-12T17:17:00.000Z,gast 67
68,2009-01-26T01:21:00.000Z,gast 68
69,2011-07-19T18:32:00.000Z,gast 69
70,2010-09-29T16:59:00.000Z,gast 70
71,2009-07-13T00:29:00.000Z,gast 71
72,2009-06-17T23:43:00.000Z,gast 72
73,2010-01-11T11:44:00.000Z,gast 73
74,2013-03-18T01:57:00.000Z,gast 74
75,2011-11-02T06:53:00.000Z,gast 75
76,2012-11-28T10:51:00.000Z,gast 76
77,2013-09-17T14:26:00.000Z,gast 77
78,2010-09-04T00:58:00.000Z,gast 78
79,2010-04-09T07:26:00.000Z,gast 79
80,2012-10-21T14:53:00.000Z,gast 80
81,2011-12-16T02:18:00.000Z,gast 81
82,2011-05-22T22:56:00.000Z,gast 82
83,2011-06-27T11:36:00.000Z,gast 83
84,2009-12-13T04:07:00.000Z,gast 84
85,2011-09-11T11:13:00.000Z,gast 85
86,2010-08-20T19:35:00.000Z,gast 86
87,2011-12-23T18:17:00.000Z,gast 87
88,2012-07-25T08:25:00.000Z,gast 88
89,2011-08-02T14:49:00.000Z,gast 89
90,2010-11-05T05:20:00.000Z,gast 90
91,2013-11-20T12:34:00.000Z,gast 91
92,2012-06-25T04:37:00.000Z,gast 92
93,2011-09-11T13:22:00.000Z,gast 93
94,2012-12-09T17:40:00.000Z,gast 94
95,2010-02-22T14:26:00.000Z,gast 95
96,2012-09-10T19:35:00.000Z,gast 96
97,2010-04-15T07:46:00.000Z,gast 97
98,2011-02-25T16:58:00.000Z,gast 98
99,2011-09-13T14:58:00.000Z,gast 99
100,2011-08-18T14:56:00.000Z,gast 100
101,2010-10-03T07:04:00.000Z,gast 101
102,2012-12-01T18:10:00.000Z,gast 102
103,2010-12-17T04:51:00.000Z,gast 103
104,2012-10-17T14:16:00.000Z,gast 104
105,2012-11-24T19:34:00.000Z,gast 105
106,2012-07-04T15:19:00.000Z,gast 106
107,2012-09-19T10:15:00.000Z,gast 107
108,2011-09-04T09:34:00.000Z,gast 108
109,2012-11-24T19:31:00.000Z,gast 109
110,2010-06-23T10:15:00.000Z,gast 110
111,2013-02-28T03:56:00.000Z,gast 111
112,2010-01-16T00:42:00.000Z,gast 112
113,2011-10-29T14:51:00.000Z,gast 113
114,2012-02-24T02:42:00.000Z,gast 114
115,2010-10-26T12:54:00.000Z,gast 115
116,2012-12-30T16:03:00.000Z,gast 116
117,2009-07-15T21:30:00.000Z,gast 117
118,2013-09-07T22:49:00.000Z,gast 118
119,2012-06-20T21:25:00.000Z,gast 119
120,2012-06-27T01:18:00.000Z,gast 120
121,2013-02-28T05:21:00.000Z,gast 121
122,2011-06-17T12:43:00.000Z,gast 122
123,2011-05-08T11:10:00.000Z,gast 123
124,2011-01-29T00:43:00.000Z,gast 124
125,2011-09-11T20:50:00.000Z,gast 125
126,2009-10-18T01:21:00.000Z,gast 126
127,2011-04-08T22:16:00.000Z,gast 127
128,2009-03-12T16:41:00.000Z,gast 128
129,2011-05-01T17:41:00.000Z,gast 129
130,2011-04-18T02:29:00.000Z,gast 130
131,2011-05-24T15:10:00.000Z,gast 131
132,2010-02-26T16:39:00.000Z,gast 132
133,2011-06-30T21:07:00.000Z,gast 133
134,2010-04-07T08:51:00.000Z,gast 134
135,2012-11-12T17:34:00.000Z,gast 135
136,2013-09-18T09:51:00.000Z,gast 136
137,2009-10-25T16:01:00.000Z,gast 137
138,2009-01-19T01:09:00.000Z,gast 138
139,2011-06-20T04:06:00.000Z,gast 139
140,2013-11-30T03:14:00.000Z,gast 140
141,2012-06-07T06:26:00.000Z,gast 141
142,2010-03-23T12:16:00.000Z,gast 142
143,2012-12-27T21:17:00.000Z,gast 143
144,2011-06-11T23:34:00.000Z,gast 144
145,2010-05-18T14:34:00.000Z,gast 145
146,2013-12-09T21:10:00.000Z,gast 146
147,2010-02-13T10:55:00.000Z,gast 147
148,2012-11-04T07:46:00.000Z,gast 148
149,2013-12-12T03:13:00.000Z,gast 149
150,2012-12-09T08:07:00.000Z,gast 150
151,2011-11-13T07:12:00.000Z,gast 151
152,2011-04-11T14:43:00.000Z,gast 152
153,2013-04-25T21:58:00.000Z,gast 153
154,2009-12-28T01:57:00.000Z,gast 154
155,2012-12-10T12:52:00.000Z,gast 155
156,2013-08-15T23:06:00.000Z,gast 156
157,2012-10-05T01:16:00.000Z,gast 157
158,2011-09-27T03:20:00.000Z,gast 158
159,2011-07-17T10:30:00.000Z,gast 159
160,2013-02-28T01:13:00.000Z,gast 160
161,2009-04-16T00:26:00.000Z,gast 161
162,2010-04-12T14:12:00.000Z,gast 162
163,2012-07-02T06:33:00.000Z,gast 163
164,2009-02-24T02:54:00.000Z,gast 164
165,2011-07-09T05:42:00.000Z,gast 165
166,2010-11-27T01:37:00.000Z,gast 166
167,2010-10-11T11:43:00.000Z,gast 167
168,2011-12-14T08:33:00.000Z,gast 168
169,2011-02-18T06:45:00.000Z,gast 169
170,2010-11-14T17:30:00.000Z,gast 170
171,2010-08-26T13:02:00.000Z,gast 171
172,2010-08-25T04:08:00.000Z,gast 172
173,2013-03-16T09:14:00.000Z,gast 173
174,2012-01-24T12:44:00.000Z,gast 174
175,2010-03-08T01:18:00.000Z,gast 175
176,2010-02-28T10:58:00.000Z,gast 176
177,2009-04-02T02:18:00.000Z,gast 177
178,2010-12-29T02:53:00.000Z,gast 178
179,2010-10-13T21:18:00.000Z,gast 179
180,2012-05-26T16:14:00.000Z,gast 180
181,2010-11-02T09:14:00.000Z,gast 181
182,2012-06-29T08:29:00.000Z,gast 182
183,2011-12-14T05:25:00.000Z,gast 183
184,2012-12-30T09:31:00.000Z,gast 184
185,2013-01-06T13:36:00.000Z,gast 185
186,2010-12-08T12:30:00.000Z,gast 186
187,2013-06-28T08:49:00.000Z,gast 187
188,2011-07-09T09:14:00.000Z,gast 188
189,2011-12-23T13:20:00.000Z,gast 189
190,2010-12-28T17:33:00.000Z,gast 190
191,2012-10-21T12:30:00.000Z,gast 191
192,2012-04-25T12:22:00.000Z,gast 192
193,2012-09-15T13:07:00.000Z,gast 193
194,2013-02-28T07:04:00.000Z,gast 194
195,2013-02-08T17:27:00.000Z,gast 195
196,2010-05-20T17:56:00.000Z,gast 196
197,2010-06-25T13:35:00.000Z,gast 197
198,2013-08-15T06:04:00.000Z,gast 198
199,2012-07-18T20:04:00.000Z,gast 199
200,2011-11-14T04:16:00.000Z,gast 200
201,2009-07-04T06:26:00.000Z,gast 201
202,2012-02-17T12:46:00.000Z,gast 202
203,2010-09-09T04:25:00.000Z,gast 203
204,2012-02-17T02:47:00.000Z,gast 204
205,2012-01-27T04:14:00.000Z,gast 205
206,2012-12-30T13:59:00.000Z,gast 206
207,2012-10-24T21:07:00.000Z,gast 207
208,2011-06-07T09:12:00.000Z,gast 208
209,2011-12-27T23:47:00.000Z,gast 209
210,2012-05-23T09:48:00.000Z,gast 210
211,2013-11-30T23:40:00.000Z,gast 211
212,2012-10-02T11:50:00.000Z,gast 212
213,2012-03-06T15:13:00.000Z,gast 213
214,2010-07-07T05:17:00.000Z,gast 214
215,2010-06-24T02:53:00.000Z,gast 215
216,2013-04-02T02:04:00.000Z,gast 216
217,2011-09-11T17:01:00.000Z,gast 217
218,2012-05-07T23:12:00.000Z,gast 218
219,2010-05-06T19:21:00.000Z,gast 219
220,2009-04-26T13:29:00.000Z,gast 220
221,2010-07-27T14:57:00.000Z,gast 221
222,2013-01-21T02:52:00.000Z,gast 222
223,2011-03-18T02:20:00.000Z,gast 223
224,2011-05-14T05:46:00.000Z,gast 224
225,2009-03-15T23:34:00.000Z,gast 225
226,2011-04-04T15:34:00.000Z,gast 226
227,2011-08-25T05:34:00.000Z,gast 227
228,2009-09-23T07:14:00.000Z,gast 228
229,2009-04-05T00:12:00.000Z,gast 229
230,2012-09-03T21:19:00.000Z,gast 230
231,2013-09-04T23:41:00.000Z,gast 231
232,2010-04-09T13:12:00.000Z,gast 232
233,2010-03-30T23:22:00.000Z,gast 233
234,2011-12-22T01:55:00.000Z,gast 234
235,2012-03-16T07:17:00.000Z,gast 235
236,2010-08-29T05:15:00.000Z,gast 236
237,2010-03-20T12:53:00.000Z,gast 237
238,2010-09-29T11:25:00.000Z,gast 238
239,2009-12-14T15:54:00.000Z,gast 239
240,2011-05-28T08:33:00.000Z,gast 240
241,2011-05-13T09:29:00.000Z,gast 241
242,2010-11-27T01:30:00.000Z,gast 242
243,2009-08-21T04:33:00.000Z,gast 243
244,2009-01-07T21:57:00.000Z,gast 244
245,2013-05-05T13:18:00.000Z,gast 245
246,2012-02-02T01:27:00.000Z,gast 246
247,2010-07-16T11:14:00.000Z,gast 247
248,2010-01-06T11:41:00.000Z,gast 248
249,2009-08-14T13:34:00.000Z,gast 249
250,2011-09-01T19:44:00.000Z,gast 250
251,2011-09-24T22:53:00.000Z,gast 251
252,2012-07-18T06:27:00.000Z,gast 252
253,2010-04-01T03:04:00.000Z,gast 253
254,2012-07-27T05:18:00.000Z,gast 254
255,2010-07-28T13:34:00.000Z,gast 255
256,2011-11-11T21:49:00.000Z,gast 256
257,2012-10-14T23:17:00.000Z,gast 257
258,2012-12-31T20:03:00.000Z,gast 258
259,2012-04-13T19:54:00.000Z,gast 259
260,2009-01-02T01:49:00.000Z,gast 260
261,2011-04-20T12:25:00.000Z,gast 261
262,2009-09-07T21:16:00.000Z,gast 262
263,2010-09-05T16:57:00.000Z,gast 263
264,2013-04-07T01:08:00.000Z,gast 264
265,2013-08-21T13:30:00.000Z,gast 265
266,2011-05-16T12:53:00.000Z,gast 266
267,2012-05-13T02:08:00.000Z,gast 267
268,2011-06-17T06:27:00.000Z,gast 268
269,2010-06-20T03:34:00.000Z,gast 269
270,2012-07-28T06:48:00.000Z,gast 270
271,2012-01-03T15:53:00.000Z,gast 271
272,2013-12-26T20:49:00.000Z,gast 272
273,2010-09-20T19:23:00.000Z,gast 273
274,2009-11-02T12:40:00.000Z,gast 274
275,2011-06-20T12:08:00.000Z,gast 275
276,2009-03-05T12:10:00.000Z,gast 276
277,2009-06-11T21:05:00.000Z,gast 277
278,2012-01-24T08:55:00.000Z,gast 278
279,2012-11-22T06:46:00.000Z,gast 279
280,2009-06-30T18:58:00.000Z,gast 280
281,2009-03-16T01:12:00.000Z,gast 281
282,2011-08-06T04:54:00.000Z,gast 282
283,2010-02-02T01:43:00.000Z,gast 283
284,2009-07-25T10:16:00.000Z,gast 284
285,2011-07-23T05:25:00.000Z,gast 285
286,2011-02-24T17:27:00.000Z,gast 286
287,2011-09-20T22:13:00.000Z,gast 287
288,2011-01-16T00:00:00.000Z,gast 288
289,2010-03-26T15:14:00.000Z,gast 289
290,2010-10-10T15:05:00.000Z,gast 290
291,2011-03-21T18:33:00.000Z,gast 291
292,2009-10-22T04:39:00.000Z,gast 292
293,2011-12-22T22:28:00.000Z,gast 293
294,2011-06-13T21:56:00.000Z,gast 294
295,2013-05-28T18:20:00.000Z,gast 295
296,2009-02-10T12:48:00.000Z,gast 296
297,2011-04-30T19:11:00.000Z,gast 297
298,2011-12-13T05:55:00.000Z,gast 298
299,2011-03-20T09:47:00.000Z,gast 299
300,2011-06-29T18:35:00.000Z,gast 300
301,2010-09-01T18:25:00.000Z,gast 301
302,2010-02-24T16:38:00.000Z,gast 302
303,2012-01-22T07:03:00.000Z,gast 303
304,2012-09-12T09:33:00.000Z,gast 304
305,2010-05-02T21:50:00.000Z,gast 305
306,2011-11-13T20:24:00.000Z,gast 306
307,2009-08-20T18:09:00.000Z,gast 307
308,2010-11-27T13:33:00.000Z,gast 308
309,2010-09-08T04:24:00.000Z,gast 309
310,2011-11-25T11:55:00.000Z,gast 310
311,2010-04-28T18:20:00.000Z,gast 311
312,2010-12-14T07:09:00.000Z,gast 312
313,2012-05-18T01:11:00.000Z,gast 313
314,2010-11-28T15:00:00.000Z,gast 314
315,2013-06-03T23:54:00.000Z,gast 315
316,2013-05-29T16:58:00.000Z,gast 316
317,2009-03-22T18:30:00.000Z,gast 317
318,2011-03-20T06:47:00.000Z,gast 318
319,2011-11-02T18:28:00.000Z,gast 319
320,2011-08-28T18:16:00.000Z,gast 320
321,2011-05-22T10:39:00.000Z,gast 321
322,2013-10-08T18:49:00.000Z,gast 322
323,2012-01-19T13:35:00.000Z,gast 323
324,2011-05-20T10:54:00.000Z,gast 324
325,2011-11-29T05:45:00.000Z,gast 325
326,2012-10-17T17:51:00.000Z,gast 326
327,2013-05-24T19:14:00.000Z,gast 327
328,2013-01-18T18:15:00.000Z,gast 328
329,2010-08-13T16:04:00.000Z,gast 329
330,2012-11-07T04:55:00.000Z,gast 330
331,2011-01-18T03:16:00.000Z,gast 331
332,2010-04-26T18:24:00.000Z,gast 332
333,2013-12-31T01:13:00.000Z,gast 333
334,2010-05-17T22:30:00.000Z,gast 334
335,2009-03-22T07:01:00.000Z,gast 335
336,2009-07-04T14:27:00.000Z,gast 336
337,2012-09-24T22:30:00.000Z,gast 337
338,2011-11-23T13:27:00.000Z,gast 338
339,2013-06-12T08:41:00.000Z,gast 339
340,2011-06-21T18:13:00.000Z,gast 340
341,2011-09-18T04:08:00.000Z,gast 341
342,2013-07-07T08:22:00.000Z,gast 342
343,2009-12-18T19:06:00.000Z,gast 343
344,2012-07-30T05:22:00.000Z,gast 344
345,2009-12-04T11:58:00.000Z,gast 345
346,2012-04-28T18:07:00.000Z,gast 346
347,2010-08-19T00:08:00.000Z,gast 347
348,2013-08-15T22:53:00.000Z,gast 348
349,2011-06-21T19:23:00.000Z,gast 349
350,2011-11-12T04:05:00.000Z,gast 350
351,2009-10-20T13:37:00.000Z,gast 351
352,2012-11-05T06:21:00.000Z,gast 352
353,2013-07-23T08:59:00.000Z,gast 353
354,2012-10-23T13:19:00.000Z,gast 354
355,2011-02-14T21:52:00.000Z,gast 355
356,2013-06-10T20:19:00.000Z,gast 356
357,2012-05-06T08:40:00.000Z,gast 357
358,2010-06-06T00:23:00.000Z,gast 358
359,2010-03-23T14:49:00.000Z,gast 359
360,2011-02-26T00:06:00.000Z,gast 360
361,2012-11-03T22:51:00.000Z,gast 361
362,2012-07-28T12:47:00.000Z,gast 362
363,2010-09-18T07:34:00.000Z,gast 363
364,2012-12-06T12:35:00.000Z,gast 364
365,2009-05-05T00:12:00.000Z,gast 365
366,2009-03-30T04:21:00.000Z,gast 366
367,2011-12-22T13:56:00.000Z,gast 367
368,2012-08-31T03:37:00.000Z,gast 368
369,2011-01-23T15:03:00.000Z,gast 369
370,2011-11-20T02:44:00.000Z,gast 370
371,2013-08-11T12:06:00.000Z,gast 371
372,2012-07-03T19:26:00.000Z,gast 372
373,2010-12-08T20:10:00.000Z,gast 373
374,2013-02-07T01:06:00.000Z,gast 374
375,2012-08-31T20:27:00.000Z,gast 375
376,2011-04-18T21:06:00.000Z,gast 376
377,2011-10-24T02:05:00.000Z,gast 377
378,2012-04-29T14:30:00.000Z,gast 378
379,2010-11-14T01:26:00.000Z,gast 379
380,2012-02-11T00:55:00.000Z,gast 380
381,2012-05-28T16:27:00.000Z,gast 381
382,2012-09-12T01:37:00.000Z,gast 382
383,2010-07-12T13:52:00.000Z,gast 383
384,2012-12-14T12:09:00.000Z,gast 384
385,2010-10-24T21:40:00.000Z,gast 385
386,2009-03-19T16:52:00.000Z,gast 386
387,2010-11-07T20:54:00.000Z,gast 387
388,2013-01-06T05:35:00.000Z,gast 388
389,2013-06-15T17:28:00.000Z,gast 389
390,2012-10-05T20:02:00.000Z,gast 390
391,2009-11-04T00:54:00.000Z,gast 391
392,2010-03-07T19:58:00.000Z,gast 392
393,2010-09-13T14:19:00.000Z,gast 393
394,2013-10-22T11:45:00.000Z,gast 394
395,2010-01-01T23:33:00.000Z,gast 395
396,2012-08-11T20:06:00.000Z,gast 396
397,2011-08-08T18:58:00.000Z,gast 397
398,2011-09-01T02:56:00.000Z,gast 398
399,2010-07-05T10:18:00.000Z,gast 399
400,2010-07-30T03:02:00.000Z,gast 400
401,2010-05-31T10:05:00.000Z,gast 401
402,2012-09-20T09:34:00.000Z,gast 402
403,2010-08-07T10:47:00.000Z,gast 403
404,2011-11-22T00:08:00.000Z,gast 404
405,2011-11-21T07:06:00.000Z,gast 405
406,2012-01-04T07:23:00.000Z,gast 406
407,2013-04-25T21:50:00.000Z,gast 407
408,2012-08-20T17:27:00.000Z,gast 408
409,2011-07-22T02:51:00.000Z,gast 409
410,2012-01-10T11:58:00.000Z,gast 410
411,2011-11-17T17:13:00.000Z,gast 411
412,2009-12-28T06:52:00.000Z,gast 412
413,2010-05-04T22:25:00.000Z,gast 413
414,2012-08-28T10:39:00.000Z,gast 414
415,2013-04-26T00:11:00.000Z,gast 415
416,2011-05-22T17:00:00.000Z,gast 416
417,2011-05-10T08:56:00.000Z,gast 417
418,2010-08-13T12:24:00.000Z,gast 418
419,2012-02-04T00:44:00.000Z,gast 419
420,2010-04-23T17:41:00.000Z,gast 420
421,2011-09-18T20:06:00.000Z,gast 421
422,2010-10-12T10:48:00.000Z,gast 422
423,2012-11-29T02:47:00.000Z,gast 423
424,2013-05-25T04:49:00.000Z,gast 424
425,2013-08-10T20:56:00.000Z,gast 425
426,2010-04-16T14:44:00.000Z,gast 426
427,2012-12-11T13:49:00.000Z,gast 427
428,2012-10-04T21:29:00.000Z,gast 428
429,2011-01-26T20:15:00.000Z,gast 429
430,2010-05-05T16:07:00.000Z,gast 430
431,2012-01-26T21:44:00.000Z,gast 431
432,2011-08-12T21:47:00.000Z,gast 432
433,2012-03-06T09:59:00.000Z,gast 433
434,2010-01-07T11:01:00.000Z,gast 434
435,2009-12-23T09:05:00.000Z,gast 435
436,2013-08-12T21:10:00.000Z,gast 436
437,2013-07-28T03:11:00.000Z,gast 437
438,2012-07-25T07:08:00.000Z,gast 438
439,2010-03-13T21:36:00.000Z,gast 439
440,2013-07-30T12:33:00.000Z,gast 440
441,2012-07-17T17:27:00.000Z,gast 441
442,2010-12-27T11:10:00.000Z,gast 442
443,2012-05-03T09:56:00.000Z,gast 443
444,2010-06-01T01:52:00.000Z,gast 444
445,2011-02-13T12:01:00.000Z,gast 445
446,2011-11-20T05:42:00.000Z,gast 446
447,2010-03-14T07:06:00.000Z,gast 447
448,2011-06-16T02:06:00.000Z,gast 448
449,2010-11-06T18:46:00.000Z,gast 449
450,2009-11-04T22:43:00.000Z,gast 450
451,2012-06-19T12:39:00.000Z,gast 451
452,2009-07-11T14:13:00.000Z,gast 452
453,2010-03-27T18:04:00.000Z,gast 453
454,2012-11-12T09:37:00.000Z,gast 454
455,2010-03-07T07:03:00.000Z,gast 455
456,2011-06-09T16:15:00.000Z,gast 456
457,2009-01-07T04:53:00.000Z,gast 457
458,2010-08-19T13:40:00.000Z,gast 458
459,2011-03-13T17:27:00.000Z,gast 459
460,2009-10-02T18:15:00.000Z,gast 460
461,2012-10-02T04:45:00.000Z,gast 461
462,2009-07-26T11:09:00.000Z,gast 462
463,2009-04-22T09:56:00.000Z,gast 463
464,2011-12-22T08:30:00.000Z,gast 464
465,2011-05-23T12:46:00.000Z,gast 465
466,2012-12-30T03:16:00.000Z,gast 466
467,2012-10-03T17:02:00.000Z,gast 467
468,2012-07-25T14:42:00.000Z,gast 468
469,2011-10-16T07:08:00.000Z,gast 469
470,2013-12-01T23:17:00.000Z,gast 470
471,2013-04-30T13:47:00.000Z,gast 471
472,2010-05-16T06:48:00.000Z,gast 472
473,2011-05-26T17:32:00.000Z,gast 473
474,2013-02-06T22:54:00.000Z,gast 474
475,2011-03-14T07:04:00.000Z,gast 475
476,2012-06-05T12:41:00.000Z,gast 476
477,2011-07-02T22:54:00.000Z,gast 477
478,2011-07-26T11:54:00.000Z,gast 478
479,2011-04-09T18:39:00.000Z,gast 479
480,2011-03-18T07:48:00.000Z,gast 480
481,2010-10-11T00:39:00.000Z,gast 481
482,2011-09-24T17:58:00.000Z,gast 482
483,2010-09-14T04:12:00.000Z,gast 483
484,2012-09-22T11:41:00.000Z,gast 484
485,2011-02-08T00:16:00.000Z,gast 485
486,2011-08-26T17:33:00.000Z,gast 486
487,2012-10-09T12:27:00.000Z,gast 487
488,2012-02-23T15:50:00.000Z,gast 488
489,2010-10-18T11:50:00.000Z,gast 489
490,2012-03-09T16:53:00.000Z,gast 490
491,2012-05-08T14:58:00.000Z,gast 491
492,2013-10-08T21:13:00.000Z,gast 492
493,2012-09-22T06:06:00.000Z,gast 493
494,2012-02-08T14:06:00.000Z,gast 494
495,2009-08-08T02:28:00.000Z,gast 495
496,2012-07-14T17:35:00.000Z,gast 496
497,2011-01-23T15:52:00.000Z,gast 497
498,2013-04-29T10:58:00.000Z,gast 498
499,2009-09-24T21:20:00.000Z,gast 499
500,2011-06-04T21:29:00.000Z,gast 500
501,2011-07-03T11:58:00.000Z,gast 501
502,2011-11-23T20:10:00.000Z,gast 502
503,2011-10-21T14:04:00.000Z,gast 503
504,2012-05-28T13:21:00.000Z,gast 504
505,2011-04-23T02:11:00.000Z,gast 505
506,2011-05-19T06:34:00.000Z,gast 506
507,2011-01-14T19:52:00.000Z,gast 507
508,2012-10-25T22:00:00.000Z,gast 508
509,2010-06-19T04:34:00.000Z,gast 509
510,2011-10-01T20:22:00.000Z,gast 510
511,2011-01-18T04:08:00.000Z,gast 511
512,2012-04-17T01:58:00.000Z,gast 512
513,2012-10-08T22:26:00.000Z,gast 513
514,2011-12-22T09:54:00.000Z,gast 514
515,2013-01-01T12:54:00.000Z,gast 515
516,2010-08-30T08:00:00.000Z,gast 516
517,2010-09-25T18:48:00.000Z,gast 517
518,2013-11-09T03:15:00.000Z,gast 518
519,2010-08-05T00:44:00.000Z,gast 519
520,2012-05-30T21:35:00.000Z,gast 520
521,2012-07-18T01:45:00.000Z,gast 521
522,2012-11-15T12:24:00.000Z,gast 522
523,2011-04-20T21:08:00.000Z,gast 523
524,2011-08-26T22:49:00.000Z,gast 524
525,2012-06-23T05:32:00.000Z,gast 525
526,2012-01-10T00:12:00.000Z,gast 526
527,2010-06-10T00:34:00.000Z,gast 527
528,2009-09-01T06:41:00.000Z,gast 528
529,2009-07-13T16:01:00.000Z,gast 529
530,2012-12-11T09:35:00.000Z,gast 530
531,2011-10-29T19:04:00.000Z,gast 531
532,2011-06-25T06:19:00.000Z,gast 532
533,2012-02-29T18:53:00.000Z,gast 533
534,2010-10-29T13:48:00.000Z,gast 534
535,2009-02-26T20:30:00.000Z,gast 535
536,2010-01-15T10:18:00.000Z,gast 536
537,2011-05-17T14:45:00.000Z,gast 537
538,2010-11-08T09:25:00.000Z,gast 538
539,2012-05-25T03:17:00.000Z,gast 539
540,2010-12-09T13:51:00.000Z,gast 540
541,2013-08-02T00:03:00.000Z,gast 541
542,2010-03-24T06:27:00.000Z,gast 542
543,2010-10-22T12:58:00.000Z,gast 543
544,2009-10-15T21:21:00.000Z,gast 544
545,2012-12-18T11:13:00.000Z,gast 545
546,2009-12-22T13:15:00.000Z,gast 546
547,2011-05-08T23:11:00.000Z,gast 547
548,2011-08-17T21:37:00.000Z,gast 548
549,2013-03-17T18:52:00.000Z,gast 549
550,2010-02-22T18:15:00.000Z,gast 550
551,2009-08-13T19:31:00.000Z,gast 551
552,2012-01-09T08:06:00.000Z,gast 552
553,2011-12-12T21:50:00.000Z,gast 553
554,2013-01-11T11:18:00.000Z,gast 554
555,2011-07-30T19:43:00.000Z,gast 555
556,2010-09-28T02:32:00.000Z,gast 556
557,2010-03-30T21:52:00.000Z,gast 557
558,2012-07-14T03:07:00.000Z,gast 558
559,2012-09-23T00:05:00.000Z,gast 559
560,2010-02-11T13:58:00.000Z,gast 560
561,2011-10-24T14:06:00.000Z,gast 561
562,2009-12-05T09:42:00.000Z,gast 562
563,2010-06-11T15:40:00.000Z,gast 563
564,2011-06-29T22:16:00.000Z,gast 564
565,2013-01-22T04:02:00.000Z,gast 565
566,2012-05-30T09:20:00.000Z,gast 566
567,2011-08-29T04:27:00.000Z,gast 567
568,2010-06-13T14:10:00.000Z,gast 568
569,2012-12-14T11:44:00.000Z,gast 569
570,2012-05-20T08:56:00.000Z,gast 570
571,2009-02-18T21:42:00.000Z,gast 571
572,2011-07-30T00:55:00.000Z,gast 572
573,2009-05-09T21:51:00.000Z,gast 573
574,2009-05-06T11:15:00.000Z,gast 574
575,2009-12-03T06:37:00.000Z,gast 575
576,2011-01-18T11:49:00.000Z,gast 576
577,2011-05-02T18:07:00.000Z,gast 577
578,2010-09-08T16:03:00.000Z,gast 578
579,2010-11-21T19:08:00.000Z,gast 579
580,2009-04-19T03:05:00.000Z,gast 580
581,2009-08-11T17:34:00.000Z,gast 581
582,2009-12-13T18:18:00.000Z,gast 582
583,2010-04-10T14:06:00.000Z,gast 583
584,2009-07-04T16:06:00.000Z,gast 584
585,2010-02-16T15:16:00.000Z,gast 585
586,2010-03-30T10:04:00.000Z,gast 586
587,2009-09-09T09:29:00.000Z,gast 587
588,2010-09-22T21:07:00.000Z,gast 588
589,2011-05-09T21:19:00.000Z,gast 589
590,2011-11-04T17:20:00.000Z,gast 590
591,2010-02-20T21:12:00.000Z,gast 591
592,2010-10-21T07:27:00.000Z,gast 592
593,2012-12-06T14:59:00.000Z,gast 593
594,2013-04-26T01:23:00.000Z,gast 594
595,2011-10-18T04:39:00.000Z,gast 595
596,2009-07-08T05:04:00.000Z,gast 596
597,2010-09-01T13:24:00.000Z,gast 597
598,2011-07-16T22:14:00.000Z,gast 598
599,2013-09-19T19:21:00.000Z,gast 599
600,2011-06-21T11:09:00.000Z,gast 600
601,2012-01-04T17:29:00.000Z,gast 601
602,2009-07-05T22:13:00.000Z,gast 602
603,2009-09-30T18:53:00.000Z,gast 603
604,2012-10-12T03:55:00.000Z,gast 604
605,2011-07-12T02:50:00.000Z,gast 605
606,2010-11-13T16:45:00.000Z,gast 606
607,2011-03-22T10:16:00.000Z,gast 607
608,2009-07-19T10:53:00.000Z,gast 608
609,2013-01-17T00:11:00.000Z,gast 609
610,2011-06-14T12:58:00.000Z,gast 610
611,2011-04-03T12:25:00.000Z,gast 611
612,2010-07-28T01:11:00.000Z,gast 612
613,2012-05-22T01:47:00.000Z,gast 613
614,2011-05-05T19:44:00.000Z,gast 614
615,2011-10-08T20:17:00.000Z,gast 615
616,2012-12-18T17:36:00.000Z,gast 616
617,2013-12-18T17:07:00.000Z,gast 617
618,2009-03-21T06:55:00.000Z,gast 618
619,2009-06-24T10:55:00.000Z,gast 619
620,2012-06-21T15:58:00.000Z,gast 620
621,2011-08-02T18:16:00.000Z,gast 621
622,2012-12-25T02:32:00.000Z,gast 622
623,2011-06-25T13:24:00.000Z,gast 623
624,2013-09-23T00:22:00.000Z,gast 624
625,2011-04-11T03:22:00.000Z,gast 625
626,2010-12-18T13:32:00.000Z,gast 626
627,2013-04-07T15:32:00.000Z,gast 627
628,2011-10-04T04:28:00.000Z,gast 628
629,2011-12-27T13:42:00.000Z,gast 629
630,2009-02-25T15:46:00.000Z,gast 630
631,2012-03-07T06:36:00.000Z,gast 631
632,2012-06-10T08:29:00.000Z,gast 632
633,2012-06-09T04:13:00.000Z,gast 633
634,2013-04-19T06:13:00.000Z,gast 634
635,2012-10-01T21:47:00.000Z,gast 635
636,2010-09-14T05:50:00.000Z,gast 636
637,2010-06-26T23:56:00.000Z,gast 637
638,2012-10-26T01:22:00.000Z,gast 638
639,2010-04-23T14:50:00.000Z,gast 639
640,2009-09-22T20:54:00.000Z,gast 640
641,2011-10-15T00:14:00.000Z,gast 641
642,2012-11-06T22:47:00.000Z,gast 642
643,2011-11-25T11:07:00.000Z,gast 643
644,2011-06-06T05:26:00.000Z,gast 644
645,2009-09-08T08:59:00.000Z,gast 645
646,2012-11-03T19:49:00.000Z,gast 646
647,2009-06-09T21:17:00.000Z,gast 647
648,2010-12-07T07:26:00.000Z,gast 648
649,2012-06-19T08:09:00.000Z,gast 649
650,2012-08-07T10:14:00.000Z,gast 650
651,2012-06-11T15:08:00.000Z,gast 651
652,2011-11-18T05:35:00.000Z,gast 652
653,2011-07-01T01:12:00.000Z,gast 653
654,2009-09-02T23:52:00.000Z,gast 654
655,2010-01-05T01:15:00.000Z,gast 655
656,2010-09-25T05:32:00.000Z,gast 656
657,2011-12-05T03:36:00.000Z,gast 657
658,2010-05-22T10:16:00.000Z,gast 658
659,2011-09-23T02:38:00.000Z,gast 659
660,2010-06-03T04:36:00.000Z,gast 660
661,2012-11-23T23:09:00.000Z,gast 661
662,2013-01-29T11:18:00.000Z,gast 662
663,2009-09-14T11:26:00.000Z,gast 663
664,2009-01-19T08:52:00.000Z,gast 664
665,2011-06-09T13:43:00.000Z,gast 665
666,2011-03-08T09:12:00.000Z,gast 666
667,2011-12-23T19:24:00.000Z,gast 667
668,2012-06-17T21:26:00.000Z,gast 668
669,2010-07-20T20:07:00.000Z,gast 669
670,2010-04-27T11:07:00.000Z,gast 670
671,2012-12-07T00:45:00.000Z,gast 671
672,2011-11-02T21:27:00.000Z,gast 672
673,2012-02-17T19:39:00.000Z,gast 673
674,2011-07-17T06:29:00.000Z,gast 674
675,2012-06-21T11:31:00.000Z,gast 675
676,2009-10-01T07:24:00.000Z,gast 676
677,2010-09-08T01:06:00.000Z,gast 677
678,2013-04-16T08:06:00.000Z,gast 678
679,2011-01-30T02:31:00.000Z,gast 679
680,2010-03-20T14:26:00.000Z,gast 680
681,2012-02-06T19:41:00.000Z,gast 681
682,2013-10-29T16:41:00.000Z,gast 682
683,2010-02-10T17:40:00.000Z,gast 683
684,2011-09-28T10:46:00.000Z,gast 684
685,2009-10-11T11:30:00.000Z,gast 685
686,2010-02-22T00:22:00.000Z,gast 686
687,2009-10-20T18:13:00.000Z,gast 687
688,2012-06-05T13:38:00.000Z,gast 688
689,2012-01-10T21:34:00.000Z,gast 689
690,2010-08-10T01:10:00.000Z,gast 690
691,2010-12-03T05:56:00.000Z,gast 691
692,2010-07-15T15:16:00.000Z,gast 692
693,2009-06-23T16:21:00.000Z,gast 693
694,2013-11-17T11:35:00.000Z,gast 694
695,2012-01-26T00:40:00.000Z,gast 695
696,2011-03-05T17:40:00.000Z,gast 696
697,2013-10-29T15:21:00.000Z,gast 697
698,2011-10-25T20:01:00.000Z,gast 698
699,2012-12-18T17:32:00.000Z,gast 699
700,2009-12-14T15:25:00.000Z,gast 700
701,2010-05-12T05:09:00.000Z,gast 701
702,2012-06-07T00:06:00.000Z,gast 702
703,2009-04-29T21:46:00.000Z,gast 703
704,2011-10-14T09:40:00.000Z,gast 704
705,2011-11-09T23:17:00.000Z,gast 705
706,2013-02-11T00:50:00.000Z,gast 706
707,2012-02-15T13:01:00.000Z,gast 707
708,2010-03-09T17:59:00.000Z,gast 708
709,2012-12-18T22:20:00.000Z,gast 709
710,2010-09-06T12:40:00.000Z,gast 710
711,2011-04-25T21:28:00.000Z,gast 711
712,2012-09-22T22:53:00.000Z,gast 712
713,2011-02-17T07:30:00.000Z,gast 713
714,2011-12-20T14:52:00.000Z,gast 714
715,2010-05-07T10:23:00.000Z,gast 715
716,2011-07-17T17:04:00.000Z,gast 716
717,2012-08-01T19:19:00.000Z,gast 717
718,2011-12-29T06:15:00.000Z,gast 718
719,2010-01-25T08:34:00.000Z,gast 719
720,2012-12-23T23:40:00.000Z,gast 720
721,2009-02-03T09:32:00.000Z,gast 721
722,2011-12-24T06:41:00.000Z,gast 722
723,2012-10-08T15:57:00.000Z,gast 723
724,2009-10-27T09:19:00.000Z,gast 724
725,2011-05-13T19:06:00.000Z,gast 725
726,2010-09-09T05:13:00.000Z,gast 726
727,2009-07-24T23:40:00.000Z,gast 727
728,2011-09-24T16:22:00.000Z,gast 728
729,2012-05-29T05:40:00.000Z,gast 729
730,2010-11-26T08:26:00.000Z,gast 730
731,2012-04-06T06:47:00.000Z,gast 731
732,2012-09-25T07:57:00.000Z,gast 732
733,2009-03-08T19:29:00.000Z,gast 733
734,2012-01-01T12:44:00.000Z,gast 734
735,2011-07-11T03:51:00.000Z,gast 735
736,2012-12-18T08:40:00.000Z,gast 736
737,2011-04-26T21:13:00.000Z,gast 737
738,2011-11-30T12:37:00.000Z,gast 738
739,2011-11-19T03:54:00.000Z,gast 739
740,2010-12-22T04:48:00.000Z,gast 740
741,2011-10-25T23:04:00.000Z,gast 741
742,2010-01-04T05:38:00.000Z,gast 742
743,2012-11-28T20:32:00.000Z,gast 743
744,2012-05-04T05:47:00.000Z,gast 744
745,2011-12-21T08:31:00.000Z,gast 745
746,2010-07-31T01:24:00.000Z,gast 746
747,2009-09-24T19:17:00.000Z,gast 747
748,2011-05-07T18:00:00.000Z,gast 748
749,2013-11-21T05:23:00.000Z,gast 749
750,2011-01-18T01:15:00.000Z,gast 750
751,2012-07-07T21:11:00.000Z,gast 751
752,2013-12-20T11:09:00.000Z,gast 752
753,2011-05-18T05:55:00.000Z,gast 753
754,2011-01-24T23:32:00.000Z,gast 754
755,2010-09-24T22:32:00.000Z,gast 755
756,2009-07-07T10:56:00.000Z,gast 756
757,2009-02-10T15:15:00.000Z,gast 757
758,2011-01-27T17:51:00.000Z,gast 758
759,2011-04-14T03:06:00.000Z,gast 759
760,2009-07-06T19:51:00.000Z,gast 760
761,2013-04-20T08:29:00.000Z,gast 761
762,2011-01-21T05:34:00.000Z,gast 762
763,2013-10-22T23:17:00.000Z,gast 763
764,2011-11-01T19:52:00.000Z,gast 764
765,2013-04-13T14:09:00.000Z,gast 765
766,2011-07-07T05:12:00.000Z,gast 766
767,2010-09-30T20:01:00.000Z,gast 767
768,2010-02-11T17:46:00.000Z,gast 768
769,2010-10-04T10:42:00.000Z,gast 769
770,2011-11-29T09:57:00.000Z,gast 770
771,2011-12-25T05:17:00.000Z,gast 771
772,2013-10-25T07:31:00.000Z,gast 772
773,2012-08-14T12:36:00.000Z,gast 773
774,2011-02-08T00:23:00.000Z,gast 774
775,2011-02-24T19:52:00.000Z,gast 775
776,2012-09-24T15:16:00.000Z,gast 776
777,2012-07-15T12:48:00.000Z,gast 777
778,2012-07-12T01:24:00.000Z,gast 778
779,2011-11-19T01:20:00.000Z,gast 779
780,2009-08-14T03:33:00.000Z,gast 780
781,2010-10-30T03:53:00.000Z,gast 781
782,2009-02-26T07:01:00.000Z,gast 782
783,2010-09-12T02:24:00.000Z,gast 783
784,2012-04-04T18:33:00.000Z,gast 784
785,2012-03-22T17:13:00.000Z,gast 785
786,2010-06-10T15:53:00.000Z,gast 786
787,2012-02-23T17:41:00.000Z,gast 787
788,2009-03-21T11:09:00.000Z,gast 788
789,2010-07-03T01:35:00.000Z,gast 789
790,2009-11-03T17:42:00.000Z,gast 790
791,2011-07-06T05:46:00.000Z,gast 791
792,2012-01-12T17:49:00.000Z,gast 792
793,2011-04-13T08:36:00.000Z,gast 793
794,2013-08-13T04:08:00.000Z,gast 794
795,2010-03-29T03:32:00.000Z,gast 795
796,2013-08-14T15:05:00.000Z,gast 796
797,2013-04-01T03:26:00.000Z,gast 797
798,2010-12-04T10:40:00.000Z,gast 798
799,2012-09-15T01:08:00.000Z,gast 799
800,2012-02-26T20:57:00.000Z,gast 800
801,2010-09-08T09:56:00.000Z,gast 801
802,2009-07-09T05:45:00.000Z,gast 802
803,2009-03-17T07:52:00.000Z,gast 803
804,2013-09-08T08:13:00.000Z,gast 804
805,2009-02-28T07:07:00.000Z,gast 805
806,2013-06-27T14:55:00.000Z,gast 806
807,2011-02-22T01:13:00.000Z,gast 807
808,2013-03-20T05:53:00.000Z,gast 808
809,2010-07-26T21:22:00.000Z,gast 809
810,2012-11-10T03:48:00.000Z,gast 810
811,2013-10-23T19:19:00.000Z,gast 811
812,2011-01-29T16:27:00.000Z,gast 812
813,2010-01-16T15:18:00.000Z,gast 813
814,2010-01-31T05:24:00.000Z,gast 814
815,2012-05-04T05:52:00.000Z,gast 815
816,2011-10-17T19:38:00.000Z,gast 816
817,2012-05-17T03:48:00.000Z,gast 817
818,2010-07-28T03:53:00.000Z,gast 818
819,2012-07-29T18:30:00.000Z,gast 819
820,2010-10-02T13:55:00.000Z,gast 820
821,2010-12-01T08:37:00.000Z,gast 821
822,2010-12-05T10:41:00.000Z,gast 822
823,2012-01-18T19:34:00.000Z,gast 823
824,2012-05-15T18:03:00.000Z,gast 824
825,2011-02-21T21:38:00.000Z,gast 825
826,2009-07-11T17:49:00.000Z,gast 826
827,2013-04-06T23:20:00.000Z,gast 827
828,2011-08-12T14:54:00.000Z,gast 828
829,2012-05-07T09:55:00.000Z,gast 829
830,2011-07-06T23:45:00.000Z,gast 830
831,2012-12-23T01:49:00.000Z,gast 831
832,2012-01-15T01:06:00.000Z,gast 832
833,2010-03-13T11:57:00.000Z,gast 833
834,2010-06-17T03:56:00.000Z,gast 834
835,2012-03-26T16:47:00.000Z,gast 835
836,2009-09-13T13:42:00.000Z,gast 836
837,2011-12-28T16:26:00.000Z,gast 837
838,2009-03-16T08:16:00.000Z,gast 838
839,2011-03-16T04:45:00.000Z,gast 839
840,2012-08-07T09:01:00.000Z,gast 840
841,2012-12-22T19:55:00.000Z,gast 841
842,2010-08-15T00:39:00.000Z,gast 842
843,2013-04-02T03:42:00.000Z,gast 843
844,2011-07-13T10:25:00.000Z,gast 844
845,2010-01-02T03:12:00.000Z,gast 845
846,2011-04-30T22:49:00.000Z,gast 846
847,2011-09-10T07:24:00.000Z,gast 847
848,2011-06-26T06:47:00.000Z,gast 848
849,2012-05-12T15:49:00.000Z,gast 849
850,2010-08-23T01:52:00.000Z,gast 850
851,2010-02-27T00:55:00.000Z,gast 851
852,2013-12-28T15:44:00.000Z,gast 852
853,2010-09-02T08:26:00.000Z,gast 853
854,2011-03-19T02:56:00.000Z,gast 854
855,2010-07-17T08:12:00.000Z,gast 855
856,2010-01-10T10:46:00.000Z,gast 856
857,2011-01-09T04:55:00.000Z,gast 857
858,2010-02-27T22:42:00.000Z,gast 858
859,2010-12-26T17:32:00.000Z,gast 859
860,2010-05-15T03:24:00.000Z,gast 860
861,2013-11-12T22:12:00.000Z,gast 861
862,2010-09-15T21:47:00.000Z,gast 862
863,2011-05-02T09:18:00.000Z,gast 863
864,2009-08-02T10:24:00.000Z,gast 864
865,2012-04-23T08:26:00.000Z,gast 865
866,2013-08-03T09:52:00.000Z,gast 866
867,2010-12-24T08:32:00.000Z,gast 867
868,2011-12-13T22:53:00.000Z,gast 868
869,2013-10-09T14:54:00.000Z,gast 869
870,2009-09-05T23:43:00.000Z,gast 870
871,2009-03-04T11:56:00.000Z,gast 871
872,2010-01-10T16:05:00.000Z,gast 872
873,2010-03-20T07:53:00.000Z,gast 873
874,2011-09-15T04:33:00.000Z,gast 874
875,2011-01-06T17:30:00.000Z,gast 875
876,2009-09-22T19:41:00.000Z,gast 876
877,2012-05-23T21:10:00.000Z,gast 877
878,2013-12-22T01:39:00.000Z,gast 878
879,2012-11-18T04:45:00.000Z,gast 879
880,2011-01-10T08:22:00.000Z,gast 880
881,2010-10-22T10:56:00.000Z,gast 881
882,2011-05-27T09:47:00.000Z,gast 882
883,2010-12-04T20:39:00.000Z,gast 883
884,2011-09-13T01:46:00.000Z,gast 884
885,2010-05-06T15:36:00.000Z,gast 885
886,2009-05-15T14:07:00.000Z,gast 886
887,2011-11-09T14:05:00.000Z,gast 887
888,2012-09-27T01:03:00.000Z,gast 888
889,2012-10-02T23:22:00.000Z,gast 889
890,2011-02-26T23:26:00.000Z,gast 890
891,2010-04-08T16:57:00.000Z,gast 891
892,2009-04-18T05:45:00.000Z,gast 892
893,2011-06-15T02:46:00.000Z,gast 893
894,2009-12-14T00:14:00.000Z,gast 894
895,2009-01-28T22:09:00.000Z,gast 895
896,2010-05-01T04:42:00.000Z,gast 896
897,2010-05-07T19:31:00.000Z,gast 897
898,2012-10-01T23:39:00.000Z,gast 898
899,2012-12-14T05:42:00.000Z,gast 899
900,2011-05-06T16:07:00.000Z,gast 900
901,2010-08-09T17:13:00.000Z,gast 901
902,2010-07-20T04:19:00.000Z,gast 902
903,2011-10-05T17:23:00.000Z,gast 903
904,2010-10-21T03:05:00.000Z,gast 904
905,2013-08-04T20:06:00.000Z,gast 905
906,2011-09-23T12:52:00.000Z,gast 906
907,2011-05-04T19:02:00.000Z,gast 907
908,2012-03-11T14:13:00.000Z,gast 908
909,2012-05-31T19:35:00.000Z,gast 909
910,2009-07-16T06:28:00.000Z,gast 910
911,2010-03-28T14:36:00.000Z,gast 911
912,2011-09-30T06:01:00.000Z,gast 912
913,2012-10-15T20:17:00.000Z,gast 913
914,2011-01-02T07:29:00.000Z,gast 914
915,2012-03-09T00:55:00.000Z,gast 915
916,2012-05-23T10:21:00.000Z,gast 916
917,2011-02-24T12:54:00.000Z,gast 917
918,2012-09-16T00:38:00.000Z,gast 918
919,2010-05-28T07:13:00.000Z,gast 919
920,2010-05-12T08:05:00.000Z,gast 920
921,2011-03-18T15:13:00.000Z,gast 921
922,2012-04-13T13:43:00.000Z,gast 922
923,2011-01-18T10:11:00.000Z,gast 923
924,2013-07-02T18:33:00.000Z,gast 924
925,2011-06-17T22:51:00.000Z,gast 925
926,2009-07-19T13:53:00.000Z,gast 926
927,2011-05-26T02:14:00.000Z,gast 927
928,2013-05-14T07:48:00.000Z,gast 928
929,2010-03-29T19:44:00.000Z,gast 929
930,2011-08-18T05:27:00.000Z,gast 930
931,2012-07-29T04:53:00.000Z,gast 931
932,2011-06-16T01:29:00.000Z,gast 932
933,2010-05-22T14:15:00.000Z,gast 933
934,2010-07-07T03:04:00.000Z,gast 934
935,2010-11-28T14:38:00.000Z,gast 935
936,2012-04-11T02:46:00.000Z,gast 936
937,2011-08-15T19:41:00.000Z,gast 937
938,2011-10-26T22:15:00.000Z,gast 938
939,2012-03-20T11:50:00.000Z,gast 939
940,2010-01-31T07:05:00.000Z,gast 940
941,2013-02-27T16:30:00.000Z,gast 941
942,2009-10-19T21:27:00.000Z,gast 942
943,2011-08-24T06:15:00.000Z,gast 943
944,2010-06-22T18:02:00.000Z,gast 944
945,2012-03-09T12:14:00.000Z,gast 945
946,2012-11-09T09:06:00.000Z,gast 946
947,2010-10-29T18:24:00.000Z,gast 947
948,2009-03-03T21:13:00.000Z,gast 948
949,2012-04-03T06:17:00.000Z,gast 949
950,2011-01-12T07:11:00.000Z,gast 950
951,2009-06-23T16:55:00.000Z,gast 951
952,2012-09-01T04:31:00.000Z,gast 952
953,2013-08-23T08:57:00.000Z,gast 953
954,2011-04-08T19:38:00.000Z,gast 954
955,2011-09-18T17:25:00.000Z,gast 955
956,2010-08-23T06:11:00.000Z,gast 956
957,2010-04-16T12:18:00.000Z,gast 957
958,2009-06-21T14:26:00.000Z,gast 958
959,2013-09-21T18:33:00.000Z,gast 959
960,2010-03-12T08:51:00.000Z,gast 960
961,2010-11-21T13:49:00.000Z,gast 961
962,2011-07-28T07:57:00.000Z,gast 962
963,2012-07-20T03:32:00.000Z,gast 963
964,2012-05-16T15:14:00.000Z,gast 964
965,2012-02-24T14:57:00.000Z,gast 965
966,2009-03-07T04:20:00.000Z,gast 966
967,2012-02-12T11:06:00.000Z,gast 967
968,2010-08-19T15:05:00.000Z,gast 968
969,2012-05-20T04:55:00.000Z,gast 969
970,2012-07-04T19:45:00.000Z,gast 970
971,2009-10-01T14:30:00.000Z,gast 971
972,2012-01-10T20:48:00.000Z,gast 972
973,2012-12-04T07:27:00.000Z,gast 973
974,2009-08-28T13:47:00.000Z,gast 974
975,2012-11-23T03:30:00.000Z,gast 975
976,2013-05-04T21:44:00.000Z,gast 976
977,2013-01-06T08:17:00.000Z,gast 977
978,2013-06-19T15:22:00.000Z,gast 978
979,2010-09-11T00:00:00.000Z,gast 979
980,2009-07-23T00:53:00.000Z,gast 980
981,2013-02-21T22:39:00.000Z,gast 981
982,2011-06-15T18:56:00.000Z,gast 982
983,2012-08-12T03:50:00.000Z,gast 983
984,2012-03-28T19:54:00.000Z,gast 984
985,2009-01-13T03:08:00.000Z,gast 985
986,2012-08-24T14:56:00.000Z,gast 986
987,2009-06-03T20:20:00.000Z,gast 987
988,2012-10-09T10:10:00.000Z,gast 988
989,2009-09-28T18:19:00.000Z,gast 989
990,2013-03-31T22:35:00.000Z,gast 990
991,2010-01-17T12:59:00.000Z,gast 991
992,2012-07-19T16:40:00.000Z,gast 992
993,2009-07-07T16:29:00.000Z,gast 993
994,2011-06-12T23:33:00.000Z,gast 994
995,2012-03-11T05:44:00.000Z,gast 995
996,2013-07-11T04:03:00.000Z,gast 996
997,2010-05-28T04:10:00.000Z,gast 997
998,2009-11-21T06:12:00.000Z,gast 998
999,2010-10-13T16:45:00.000Z,gast 999
1000,2010-10-12T08:27:00.000Z,gast 1000
