id_passenger,id_driver,call_count,row
467,39,2,1
467,86,1,2
467,69,1,3
467,89,1,4
467,19,1,5
467,70,1,6
467,29,1,7
467,72,1,8
467,23,1,9
467,65,1,10
675,23,2,1
675,35,1,2
675,53,1,3
675,55,1,4
675,97,1,5
675,4,1,6
675,85,1,7
675,61,1,8
675,58,1,9
675,8,1,10
691,97,2,1
691,82,1,2
691,92,1,3
691,65,1,4
691,40,1,5
691,11,1,6
691,39,1,7
691,10,1,8
691,70,1,9
691,26,1,10
829,69,1,1
829,46,1,2
829,65,1,3
829,79,1,4
829,47,1,5
829,77,1,6
829,38,1,7
829,3,1,8
829,92,1,9
829,45,1,10
125,98,2,1
125,75,1,2
125,42,1,3
125,99,1,4
125,14,1,5
125,29,1,6
125,92,1,7
125,9,1,8
125,56,1,9
125,93,1,10
944,81,2,1
944,37,1,2
944,10,1,3
944,12,1,4
944,51,1,5
944,26,1,6
944,22,1,7
944,74,1,8
944,91,1,9
944,7,1,10
926,81,1,1
926,39,1,2
926,63,1,3
926,31,1,4
926,47,1,5
926,79,1,6
926,35,1,7
926,2,1,8
926,80,1,9
926,20,1,10
124,61,2,1
124,8,1,2
124,62,1,3
124,3,1,4
124,47,1,5
124,32,1,6
124,89,1,7
124,56,1,8
124,83,1,9
124,59,1,10
51,56,1,1
51,46,1,2
51,41,1,3
51,28,1,4
51,3,1,5
51,30,1,6
51,4,1,7
51,85,1,8
51,43,1,9
51,70,1,10
591,28,3,1
591,21,2,2
591,95,2,3
591,90,1,4
591,83,1,5
591,40,1,6
591,52,1,7
591,54,1,8
591,27,1,9
591,59,1,10
7,9,2,1
7,34,1,2
7,68,1,3
7,21,1,4
7,13,1,5
7,88,1,6
7,47,1,7
7,27,1,8
7,74,1,9
7,55,1,10
307,92,2,1
307,16,1,2
307,55,1,3
307,43,1,4
307,68,1,5
307,25,1,6
307,93,1,7
307,4,1,8
307,44,1,9
307,57,1,10
475,72,3,1
475,6,1,2
475,89,1,3
475,45,1,4
475,3,1,5
475,43,1,6
475,60,1,7
475,68,1,8
475,11,1,9
475,36,1,10
169,40,2,1
169,92,1,2
169,16,1,3
169,63,1,4
169,21,1,5
169,75,1,6
169,36,1,7
169,71,1,8
169,80,1,9
169,69,1,10
205,17,2,1
205,19,2,2
205,43,2,3
205,48,1,4
205,68,1,5
205,16,1,6
205,92,1,7
205,35,1,8
205,18,1,9
205,15,1,10
334,12,2,1
334,75,1,2
334,92,1,3
334,86,1,4
334,37,1,5
334,67,1,6
334,85,1,7
334,62,1,8
334,18,1,9
334,19,1,10
544,35,2,1
544,100,1,2
544,74,1,3
544,12,1,4
544,80,1,5
544,36,1,6
544,17,1,7
544,34,1,8
544,32,1,9
544,53,1,10
747,95,2,1
747,86,1,2
747,91,1,3
747,8,1,4
747,23,1,5
747,100,1,6
747,85,1,7
747,41,1,8
747,89,1,9
747,49,1,10
272,22,2,1
272,47,2,2
272,51,1,3
272,89,1,4
272,45,1,5
272,2,1,6
272,3,1,7
272,48,1,8
272,52,1,9
272,69,1,10
462,31,1,1
462,19,1,2
462,98,1,3
462,28,1,4
462,20,1,5
462,37,1,6
462,52,1,7
462,12,1,8
462,38,1,9
462,60,1,10
470,40,2,1
470,47,1,2
470,15,1,3
470,94,1,4
470,53,1,5
470,74,1,6
470,51,1,7
470,31,1,8
470,86,1,9
470,65,1,10
711,85,2,1
711,59,1,2
711,62,1,3
711,2,1,4
711,36,1,5
711,96,1,6
711,92,1,7
711,9,1,8
711,81,1,9
711,30,1,10
232,20,1,1
232,18,1,2
232,30,1,3
232,95,1,4
232,60,1,5
232,42,1,6
232,3,1,7
232,16,1,8
232,51,1,9
232,21,1,10
234,59,2,1
234,13,1,2
234,16,1,3
234,21,1,4
234,98,1,5
234,26,1,6
234,19,1,7
234,88,1,8
234,38,1,9
234,96,1,10
383,82,2,1
383,83,2,2
383,53,2,3
383,61,2,4
383,11,1,5
383,40,1,6
383,59,1,7
383,72,1,8
383,25,1,9
383,10,1,10
448,31,3,1
448,84,2,2
448,35,2,3
448,75,1,4
448,57,1,5
448,76,1,6
448,43,1,7
448,39,1,8
448,15,1,9
448,47,1,10
155,77,2,1
155,61,2,2
155,99,1,3
155,94,1,4
155,63,1,5
155,8,1,6
155,56,1,7
155,70,1,8
155,25,1,9
155,10,1,10
635,88,2,1
635,10,2,2
635,22,1,3
635,5,1,4
635,84,1,5
635,86,1,6
635,38,1,7
635,39,1,8
635,95,1,9
635,62,1,10
851,7,2,1
851,67,2,2
851,37,1,3
851,82,1,4
851,59,1,5
851,64,1,6
851,1,1,7
851,95,1,8
851,85,1,9
851,25,1,10
862,77,2,1
862,62,1,2
862,23,1,3
862,67,1,4
862,51,1,5
862,6,1,6
862,71,1,7
862,72,1,8
862,8,1,9
862,18,1,10
886,18,2,1
886,62,2,2
886,99,2,3
886,69,1,4
886,44,1,5
886,8,1,6
886,38,1,7
886,3,1,8
886,88,1,9
886,97,1,10
132,98,2,1
132,27,2,2
132,23,2,3
132,70,1,4
132,86,1,5
132,75,1,6
132,2,1,7
132,71,1,8
132,11,1,9
132,8,1,10
154,48,2,1
154,7,1,2
154,50,1,3
154,8,1,4
154,99,1,5
154,70,1,6
154,72,1,7
154,69,1,8
154,4,1,9
154,44,1,10
317,33,2,1
317,34,2,2
317,61,2,3
317,25,1,4
317,82,1,5
317,88,1,6
317,98,1,7
317,72,1,8
317,90,1,9
317,94,1,10
714,96,2,1
714,62,2,2
714,58,1,3
714,36,1,4
714,9,1,5
714,32,1,6
714,89,1,7
714,97,1,8
714,12,1,9
714,70,1,10
625,53,2,1
625,81,2,2
625,24,1,3
625,78,1,4
625,19,1,5
625,40,1,6
625,10,1,7
625,51,1,8
625,66,1,9
625,22,1,10
101,89,1,1
101,14,1,2
101,10,1,3
101,84,1,4
101,44,1,5
101,6,1,6
101,21,1,7
101,86,1,8
101,53,1,9
101,46,1,10
11,86,3,1
11,45,1,2
11,61,1,3
11,70,1,4
11,65,1,5
11,19,1,6
11,7,1,7
11,49,1,8
11,27,1,9
11,23,1,10
986,31,2,1
986,10,1,2
986,13,1,3
986,70,1,4
986,39,1,5
986,36,1,6
986,26,1,7
986,95,1,8
986,83,1,9
986,78,1,10
279,19,1,1
279,7,1,2
279,49,1,3
279,80,1,4
279,13,1,5
279,43,1,6
279,32,1,7
279,58,1,8
279,63,1,9
279,76,1,10
415,82,2,1
415,22,2,2
415,81,2,3
415,84,1,4
415,62,1,5
415,40,1,6
415,31,1,7
415,86,1,8
415,43,1,9
415,65,1,10
433,40,2,1
433,71,2,2
433,53,1,3
433,26,1,4
433,32,1,5
433,43,1,6
433,49,1,7
433,20,1,8
433,18,1,9
433,35,1,10
685,53,2,1
685,89,1,2
685,60,1,3
685,72,1,4
685,37,1,5
685,80,1,6
685,70,1,7
685,63,1,8
685,90,1,9
685,46,1,10
361,21,2,1
361,64,2,2
361,92,1,3
361,20,1,4
361,93,1,5
361,9,1,6
361,98,1,7
361,47,1,8
361,51,1,9
361,79,1,10
387,11,2,1
387,39,2,2
387,24,1,3
387,89,1,4
387,58,1,5
387,44,1,6
387,65,1,7
387,68,1,8
387,40,1,9
387,18,1,10
823,81,2,1
823,86,2,2
823,85,2,3
823,47,2,4
823,79,1,5
823,92,1,6
823,91,1,7
823,73,1,8
823,83,1,9
823,36,1,10
961,65,1,1
961,77,1,2
961,72,1,3
961,98,1,4
961,20,1,5
961,74,1,6
961,46,1,7
961,73,1,8
961,55,1,9
961,5,1,10
29,21,2,1
29,12,1,2
29,83,1,3
29,73,1,4
29,11,1,5
29,33,1,6
29,18,1,7
29,48,1,8
29,7,1,9
29,61,1,10
309,96,2,1
309,18,1,2
309,43,1,3
309,98,1,4
309,52,1,5
309,21,1,6
309,68,1,7
309,55,1,8
309,57,1,9
309,60,1,10
703,64,2,1
703,52,1,2
703,77,1,3
703,19,1,4
703,15,1,5
703,16,1,6
703,56,1,7
703,89,1,8
703,78,1,9
703,92,1,10
724,88,1,1
724,12,1,2
724,96,1,3
724,58,1,4
724,84,1,5
724,30,1,6
724,31,1,7
724,90,1,8
724,11,1,9
724,33,1,10
836,100,2,1
836,65,1,2
836,99,1,3
836,75,1,4
836,4,1,5
836,7,1,6
836,28,1,7
836,31,1,8
836,46,1,9
836,13,1,10
112,18,1,1
112,89,1,2
112,79,1,3
112,42,1,4
112,67,1,5
112,78,1,6
112,3,1,7
112,72,1,8
112,86,1,9
112,31,1,10
42,11,1,1
42,55,1,2
42,86,1,3
42,36,1,4
42,64,1,5
42,95,1,6
42,59,1,7
42,21,1,8
424,53,1,1
424,31,1,2
424,99,1,3
424,34,1,4
424,41,1,5
424,47,1,6
424,98,1,7
424,100,1,8
424,90,1,9
424,82,1,10
991,74,3,1
991,62,2,2
991,90,1,3
991,51,1,4
991,13,1,5
991,31,1,6
991,95,1,7
991,93,1,8
991,83,1,9
991,79,1,10
626,87,1,1
626,28,1,2
626,5,1,3
626,98,1,4
626,35,1,5
626,6,1,6
626,2,1,7
626,80,1,8
626,65,1,9
626,33,1,10
890,3,2,1
890,28,1,2
890,77,1,3
890,79,1,4
890,87,1,5
890,80,1,6
890,12,1,7
890,35,1,8
890,14,1,9
890,49,1,10
974,19,2,1
974,89,2,2
974,3,1,3
974,92,1,4
974,8,1,5
974,80,1,6
974,62,1,7
974,84,1,8
974,93,1,9
974,85,1,10
308,14,1,1
308,17,1,2
308,3,1,3
308,59,1,4
308,63,1,5
308,60,1,6
308,4,1,7
308,1,1,8
308,93,1,9
308,58,1,10
348,100,2,1
348,45,1,2
348,20,1,3
348,65,1,4
348,99,1,5
348,41,1,6
348,91,1,7
348,4,1,8
348,72,1,9
348,79,1,10
459,2,3,1
459,86,2,2
459,68,1,3
459,82,1,4
459,52,1,5
459,60,1,6
459,73,1,7
459,95,1,8
459,32,1,9
459,48,1,10
512,45,2,1
512,33,2,2
512,46,1,3
512,10,1,4
512,11,1,5
512,59,1,6
512,75,1,7
512,60,1,8
512,6,1,9
512,49,1,10
710,16,1,1
710,38,1,2
710,24,1,3
710,74,1,4
710,60,1,5
710,34,1,6
710,99,1,7
710,57,1,8
710,8,1,9
710,65,1,10
446,53,2,1
446,40,2,2
446,72,2,3
446,44,1,4
446,13,1,5
446,56,1,6
446,25,1,7
446,98,1,8
446,38,1,9
446,42,1,10
478,74,1,1
478,70,1,2
478,19,1,3
478,8,1,4
478,37,1,5
478,96,1,6
478,30,1,7
478,42,1,8
478,2,1,9
478,7,1,10
541,79,2,1
541,98,2,2
541,29,1,3
541,55,1,4
541,14,1,5
541,67,1,6
541,7,1,7
541,87,1,8
541,65,1,9
541,28,1,10
970,21,2,1
970,11,1,2
970,10,1,3
970,59,1,4
970,37,1,5
970,77,1,6
970,12,1,7
970,29,1,8
970,49,1,9
970,78,1,10
406,20,2,1
406,14,2,2
406,18,2,3
406,11,2,4
406,59,1,5
406,7,1,6
406,8,1,7
406,2,1,8
406,26,1,9
406,84,1,10
432,64,2,1
432,84,1,2
432,7,1,3
432,13,1,4
432,88,1,5
432,42,1,6
432,19,1,7
432,8,1,8
432,99,1,9
432,43,1,10
34,14,2,1
34,96,1,2
34,91,1,3
34,69,1,4
34,33,1,5
34,57,1,6
34,97,1,7
34,22,1,8
34,56,1,9
34,99,1,10
443,16,2,1
443,8,1,2
443,35,1,3
443,29,1,4
443,68,1,5
443,7,1,6
443,93,1,7
443,82,1,8
443,63,1,9
443,69,1,10
880,23,2,1
880,80,2,2
880,4,2,3
880,76,2,4
880,14,2,5
880,87,2,6
880,100,1,7
880,83,1,8
880,45,1,9
880,62,1,10
133,77,2,1
133,32,2,2
133,27,2,3
133,74,2,4
133,36,2,5
133,57,1,6
133,7,1,7
133,61,1,8
133,96,1,9
133,19,1,10
874,50,2,1
874,35,1,2
874,23,1,3
874,69,1,4
874,71,1,5
874,11,1,6
874,83,1,7
874,4,1,8
874,28,1,9
874,40,1,10
365,52,1,1
365,32,1,2
365,13,1,3
365,45,1,4
365,34,1,5
365,46,1,6
365,78,1,7
365,37,1,8
365,8,1,9
365,61,1,10
389,66,2,1
389,36,2,2
389,21,1,3
389,60,1,4
389,70,1,5
389,89,1,6
389,97,1,7
389,25,1,8
389,30,1,9
389,46,1,10
425,15,2,1
425,26,1,2
425,66,1,3
425,68,1,4
425,69,1,5
425,23,1,6
425,81,1,7
425,59,1,8
425,27,1,9
425,25,1,10
789,75,2,1
789,82,2,2
789,22,1,3
789,44,1,4
789,29,1,5
789,1,1,6
789,95,1,7
789,7,1,8
789,38,1,9
789,64,1,10
966,13,2,1
966,49,1,2
966,12,1,3
966,21,1,4
966,61,1,5
966,10,1,6
966,54,1,7
966,5,1,8
966,38,1,9
966,3,1,10
995,84,2,1
995,22,2,2
995,35,1,3
995,59,1,4
995,29,1,5
995,90,1,6
995,57,1,7
995,71,1,8
995,56,1,9
995,86,1,10
989,24,2,1
989,44,2,2
989,28,1,3
989,4,1,4
989,63,1,5
989,96,1,6
989,7,1,7
989,32,1,8
989,46,1,9
989,9,1,10
139,66,1,1
139,12,1,2
139,7,1,3
139,78,1,4
139,42,1,5
139,57,1,6
139,14,1,7
139,65,1,8
139,98,1,9
139,77,1,10
146,7,1,1
146,90,1,2
146,68,1,3
146,91,1,4
146,34,1,5
146,4,1,6
146,18,1,7
146,2,1,8
146,14,1,9
146,97,1,10
250,65,1,1
250,44,1,2
250,49,1,3
250,79,1,4
250,32,1,5
250,46,1,6
250,69,1,7
250,92,1,8
250,82,1,9
250,66,1,10
310,97,2,1
310,39,2,2
310,9,2,3
310,71,1,4
310,30,1,5
310,84,1,6
310,88,1,7
310,36,1,8
310,65,1,9
310,75,1,10
559,62,1,1
559,94,1,2
559,23,1,3
559,40,1,4
559,65,1,5
559,33,1,6
559,84,1,7
559,50,1,8
559,15,1,9
559,32,1,10
894,38,2,1
894,83,2,2
894,18,1,3
894,92,1,4
894,16,1,5
894,7,1,6
894,41,1,7
894,26,1,8
894,12,1,9
894,70,1,10
258,61,2,1
258,21,2,2
258,70,2,3
258,65,1,4
258,34,1,5
258,14,1,6
258,88,1,7
258,3,1,8
258,23,1,9
258,20,1,10
787,99,1,1
787,58,1,2
787,5,1,3
787,25,1,4
787,74,1,5
787,50,1,6
787,36,1,7
787,97,1,8
787,95,1,9
787,12,1,10
796,13,3,1
796,98,1,2
796,92,1,3
796,52,1,4
796,99,1,5
796,83,1,6
796,73,1,7
796,68,1,8
796,14,1,9
796,88,1,10
22,81,2,1
22,78,1,2
22,10,1,3
22,71,1,4
22,13,1,5
22,84,1,6
22,14,1,7
22,60,1,8
22,98,1,9
22,46,1,10
28,54,1,1
28,34,1,2
28,23,1,3
28,71,1,4
28,46,1,5
28,41,1,6
28,17,1,7
28,57,1,8
28,27,1,9
28,60,1,10
199,12,2,1
199,93,2,2
199,6,1,3
199,32,1,4
199,13,1,5
199,98,1,6
199,4,1,7
199,19,1,8
199,55,1,9
199,89,1,10
539,15,2,1
539,32,2,2
539,50,1,3
539,54,1,4
539,39,1,5
539,31,1,6
539,70,1,7
539,3,1,8
539,100,1,9
539,86,1,10
808,68,2,1
808,61,1,2
808,52,1,3
808,35,1,4
808,79,1,5
808,21,1,6
808,6,1,7
808,36,1,8
808,5,1,9
808,1,1,10
813,23,2,1
813,22,2,2
813,38,1,3
813,44,1,4
813,59,1,5
813,2,1,6
813,60,1,7
813,5,1,8
813,37,1,9
813,3,1,10
843,96,2,1
843,78,1,2
843,100,1,3
843,61,1,4
843,76,1,5
843,81,1,6
843,88,1,7
843,1,1,8
843,72,1,9
843,84,1,10
856,42,2,1
856,1,1,2
856,43,1,3
856,3,1,4
856,6,1,5
856,81,1,6
856,13,1,7
856,5,1,8
856,85,1,9
856,58,1,10
663,23,2,1
663,73,2,2
663,47,1,3
663,100,1,4
663,58,1,5
663,15,1,6
663,42,1,7
663,50,1,8
663,79,1,9
663,29,1,10
556,54,2,1
556,55,1,2
556,86,1,3
556,89,1,4
556,93,1,5
556,67,1,6
556,96,1,7
556,46,1,8
556,73,1,9
556,38,1,10
597,92,2,1
597,47,2,2
597,65,1,3
597,49,1,4
597,30,1,5
597,98,1,6
597,82,1,7
597,34,1,8
597,43,1,9
597,100,1,10
712,84,1,1
712,33,1,2
712,37,1,3
712,90,1,4
712,52,1,5
712,15,1,6
712,40,1,7
712,43,1,8
712,22,1,9
712,62,1,10
85,72,2,1
85,61,2,2
85,46,1,3
85,26,1,4
85,5,1,5
85,82,1,6
85,35,1,7
85,76,1,8
85,15,1,9
85,62,1,10
16,2,1,1
16,77,1,2
16,78,1,3
16,43,1,4
16,71,1,5
16,66,1,6
16,53,1,7
16,69,1,8
16,54,1,9
16,9,1,10
35,24,1,1
35,20,1,2
35,45,1,3
35,21,1,4
35,40,1,5
35,97,1,6
35,54,1,7
35,76,1,8
35,33,1,9
35,27,1,10
488,79,2,1
488,25,1,2
488,65,1,3
488,21,1,4
488,73,1,5
488,86,1,6
488,77,1,7
488,88,1,8
488,90,1,9
488,11,1,10
52,7,2,1
52,52,1,2
52,56,1,3
52,96,1,4
52,19,1,5
52,29,1,6
52,32,1,7
52,23,1,8
52,17,1,9
52,73,1,10
742,19,2,1
742,46,2,2
742,17,2,3
742,49,2,4
742,1,2,5
742,86,2,6
742,24,1,7
742,6,1,8
742,72,1,9
742,61,1,10
973,52,1,1
973,56,1,2
973,95,1,3
973,20,1,4
973,4,1,5
973,24,1,6
973,96,1,7
973,55,1,8
973,93,1,9
973,60,1,10
171,90,2,1
171,96,1,2
171,6,1,3
171,2,1,4
171,28,1,5
171,75,1,6
171,67,1,7
171,58,1,8
171,72,1,9
171,11,1,10
807,51,2,1
807,29,1,2
807,93,1,3
807,10,1,4
807,37,1,5
807,48,1,6
807,64,1,7
807,16,1,8
807,47,1,9
807,99,1,10
868,68,1,1
868,25,1,2
868,86,1,3
868,22,1,4
868,11,1,5
868,54,1,6
868,56,1,7
868,52,1,8
868,20,1,9
868,92,1,10
933,21,2,1
933,85,1,2
933,44,1,3
933,70,1,4
933,11,1,5
933,47,1,6
933,66,1,7
933,61,1,8
933,2,1,9
933,94,1,10
187,5,1,1
187,33,1,2
187,79,1,3
187,36,1,4
187,53,1,5
187,19,1,6
187,84,1,7
187,86,1,8
187,21,1,9
187,31,1,10
964,91,2,1
964,21,2,2
964,68,1,3
964,70,1,4
964,38,1,5
964,75,1,6
964,98,1,7
964,9,1,8
964,16,1,9
964,36,1,10
71,10,1,1
71,32,1,2
71,91,1,3
71,15,1,4
71,12,1,5
71,2,1,6
71,53,1,7
71,79,1,8
188,84,2,1
188,5,1,2
188,16,1,3
188,48,1,4
188,14,1,5
188,40,1,6
188,77,1,7
188,44,1,8
188,69,1,9
188,50,1,10
276,78,1,1
276,70,1,2
276,86,1,3
276,35,1,4
276,39,1,5
276,80,1,6
276,4,1,7
276,100,1,8
276,87,1,9
276,82,1,10
528,5,2,1
528,50,1,2
528,40,1,3
528,42,1,4
528,94,1,5
528,92,1,6
528,62,1,7
528,39,1,8
528,45,1,9
528,65,1,10
959,29,1,1
959,30,1,2
959,72,1,3
959,47,1,4
959,18,1,5
959,11,1,6
959,16,1,7
959,13,1,8
959,93,1,9
959,71,1,10
98,55,2,1
98,39,2,2
98,54,1,3
98,49,1,4
98,65,1,5
98,2,1,6
98,66,1,7
98,100,1,8
98,35,1,9
98,40,1,10
980,53,2,1
980,84,1,2
980,98,1,3
980,96,1,4
980,4,1,5
980,81,1,6
980,77,1,7
980,61,1,8
980,13,1,9
980,9,1,10
195,18,1,1
195,57,1,2
195,88,1,3
195,96,1,4
195,60,1,5
195,59,1,6
195,62,1,7
195,56,1,8
195,2,1,9
195,11,1,10
466,40,2,1
466,88,2,2
466,16,1,3
466,4,1,4
466,38,1,5
466,7,1,6
466,28,1,7
466,65,1,8
466,81,1,9
466,76,1,10
47,86,1,1
47,90,1,2
47,80,1,3
47,13,1,4
47,68,1,5
47,67,1,6
47,82,1,7
47,94,1,8
47,8,1,9
47,45,1,10
568,53,2,1
568,9,1,2
568,87,1,3
568,27,1,4
568,30,1,5
568,19,1,6
568,45,1,7
568,85,1,8
568,2,1,9
568,18,1,10
594,11,2,1
594,69,2,2
594,2,1,3
594,70,1,4
594,59,1,5
594,95,1,6
594,50,1,7
594,21,1,8
594,25,1,9
594,36,1,10
629,82,2,1
629,23,1,2
629,64,1,3
629,81,1,4
629,31,1,5
629,13,1,6
629,10,1,7
629,95,1,8
629,83,1,9
629,2,1,10
902,28,2,1
902,26,1,2
902,54,1,3
902,2,1,4
902,87,1,5
902,56,1,6
902,33,1,7
902,68,1,8
902,5,1,9
902,46,1,10
99,29,2,1
99,30,2,2
99,80,1,3
99,9,1,4
99,47,1,5
99,11,1,6
99,83,1,7
99,40,1,8
99,95,1,9
99,91,1,10
372,74,2,1
372,1,2,2
372,72,2,3
372,47,1,4
372,6,1,5
372,91,1,6
372,29,1,7
372,67,1,8
372,96,1,9
372,80,1,10
554,78,1,1
554,21,1,2
554,22,1,3
554,16,1,4
554,63,1,5
554,7,1,6
554,90,1,7
554,92,1,8
554,33,1,9
554,36,1,10
565,29,3,1
565,49,2,2
565,72,1,3
565,14,1,4
565,52,1,5
565,22,1,6
565,20,1,7
565,7,1,8
565,83,1,9
565,47,1,10
726,20,2,1
726,13,1,2
726,36,1,3
726,89,1,4
726,95,1,5
726,4,1,6
726,35,1,7
726,27,1,8
726,33,1,9
726,70,1,10
892,90,2,1
892,76,2,2
892,21,2,3
892,39,1,4
892,12,1,5
892,36,1,6
892,72,1,7
892,93,1,8
892,70,1,9
892,84,1,10
785,47,2,1
785,91,2,2
785,52,1,3
785,6,1,4
785,72,1,5
785,17,1,6
785,62,1,7
785,14,1,8
785,5,1,9
785,8,1,10
824,87,1,1
824,28,1,2
824,22,1,3
824,48,1,4
824,49,1,5
824,42,1,6
824,29,1,7
824,78,1,8
824,89,1,9
824,74,1,10
390,74,2,1
390,31,1,2
390,25,1,3
390,5,1,4
390,98,1,5
390,71,1,6
390,58,1,7
390,70,1,8
390,3,1,9
390,59,1,10
214,55,2,1
214,9,1,2
214,17,1,3
214,72,1,4
214,57,1,5
214,40,1,6
214,75,1,7
214,83,1,8
214,80,1,9
214,60,1,10
527,64,2,1
527,57,1,2
527,11,1,3
527,32,1,4
527,28,1,5
527,25,1,6
527,84,1,7
527,5,1,8
527,23,1,9
527,83,1,10
560,31,1,1
560,62,1,2
560,95,1,3
560,27,1,4
560,93,1,5
560,61,1,6
560,24,1,7
560,91,1,8
560,66,1,9
560,80,1,10
179,49,2,1
179,46,1,2
179,5,1,3
179,3,1,4
179,72,1,5
179,52,1,6
179,65,1,7
179,69,1,8
179,25,1,9
179,99,1,10
609,57,3,1
609,53,1,2
609,61,1,3
609,91,1,4
609,16,1,5
609,10,1,6
609,2,1,7
609,43,1,8
609,92,1,9
609,71,1,10
850,84,3,1
850,88,2,2
850,41,1,3
850,38,1,4
850,44,1,5
850,23,1,6
850,43,1,7
850,55,1,8
850,78,1,9
850,98,1,10
440,14,2,1
440,8,2,2
440,23,1,3
440,38,1,4
440,39,1,5
440,70,1,6
440,18,1,7
440,10,1,8
440,75,1,9
440,31,1,10
520,1,2,1
520,97,2,2
520,35,2,3
520,72,1,4
520,86,1,5
520,41,1,6
520,76,1,7
520,6,1,8
520,24,1,9
520,43,1,10
202,90,2,1
202,20,2,2
202,51,2,3
202,72,1,4
202,78,1,5
202,62,1,6
202,45,1,7
202,69,1,8
202,91,1,9
202,98,1,10
248,59,2,1
248,56,1,2
248,25,1,3
248,21,1,4
248,99,1,5
248,78,1,6
248,41,1,7
248,45,1,8
248,76,1,9
248,92,1,10
825,83,2,1
825,22,1,2
825,74,1,3
825,12,1,4
825,14,1,5
825,32,1,6
825,17,1,7
825,38,1,8
825,67,1,9
825,50,1,10
96,20,2,1
96,8,2,2
96,14,2,3
96,61,1,4
96,75,1,5
96,38,1,6
96,6,1,7
96,28,1,8
96,62,1,9
96,50,1,10
221,98,2,1
221,26,1,2
221,40,1,3
221,31,1,4
221,83,1,5
221,73,1,6
221,58,1,7
221,46,1,8
221,28,1,9
221,3,1,10
610,76,1,1
610,94,1,2
610,63,1,3
610,59,1,4
610,95,1,5
610,97,1,6
610,60,1,7
610,10,1,8
610,2,1,9
610,45,1,10
300,7,2,1
300,54,1,2
300,89,1,3
300,57,1,4
300,5,1,5
300,73,1,6
300,13,1,7
300,66,1,8
300,33,1,9
300,36,1,10
503,98,1,1
503,99,1,2
503,56,1,3
503,55,1,4
503,66,1,5
503,25,1,6
503,90,1,7
503,96,1,8
503,78,1,9
503,88,1,10
633,58,2,1
633,85,2,2
633,60,2,3
633,26,1,4
633,54,1,5
633,73,1,6
633,64,1,7
633,88,1,8
633,61,1,9
633,33,1,10
873,68,1,1
873,69,1,2
873,26,1,3
873,10,1,4
873,95,1,5
873,6,1,6
873,47,1,7
873,5,1,8
873,54,1,9
873,78,1,10
897,36,1,1
897,35,1,2
897,25,1,3
897,34,1,4
897,8,1,5
897,22,1,6
897,63,1,7
897,90,1,8
897,64,1,9
897,94,1,10
401,58,2,1
401,27,1,2
401,17,1,3
401,75,1,4
401,77,1,5
401,100,1,6
401,34,1,7
401,35,1,8
401,18,1,9
401,85,1,10
421,16,2,1
421,75,2,2
421,90,2,3
421,31,1,4
421,34,1,5
421,11,1,6
421,9,1,7
421,97,1,8
421,19,1,9
421,79,1,10
5,1,1,1
5,40,1,2
5,36,1,3
5,28,1,4
5,7,1,5
5,93,1,6
5,68,1,7
5,77,1,8
5,96,1,9
5,54,1,10
163,91,1,1
163,70,1,2
163,98,1,3
163,7,1,4
163,22,1,5
163,79,1,6
163,42,1,7
163,67,1,8
163,34,1,9
163,2,1,10
31,84,2,1
31,3,1,2
31,6,1,3
31,30,1,4
31,25,1,5
31,94,1,6
31,91,1,7
31,69,1,8
31,80,1,9
31,39,1,10
815,44,2,1
815,42,1,2
815,47,1,3
815,10,1,4
815,65,1,5
815,19,1,6
815,93,1,7
815,38,1,8
815,57,1,9
815,55,1,10
100,65,2,1
100,69,1,2
100,20,1,3
100,99,1,4
100,5,1,5
100,23,1,6
100,93,1,7
100,87,1,8
100,62,1,9
100,96,1,10
912,21,1,1
912,34,1,2
912,4,1,3
912,49,1,4
912,92,1,5
912,60,1,6
912,13,1,7
912,76,1,8
912,68,1,9
912,32,1,10
476,18,2,1
476,72,1,2
476,92,1,3
476,98,1,4
476,77,1,5
476,31,1,6
476,80,1,7
476,66,1,8
476,32,1,9
476,1,1,10
617,2,1,1
617,68,1,2
617,18,1,3
617,82,1,4
617,42,1,5
617,55,1,6
617,76,1,7
617,80,1,8
617,81,1,9
617,59,1,10
70,35,2,1
70,31,2,2
70,81,1,3
70,44,1,4
70,39,1,5
70,41,1,6
70,18,1,7
70,92,1,8
70,32,1,9
70,30,1,10
733,57,2,1
733,89,2,2
733,5,1,3
733,12,1,4
733,55,1,5
733,41,1,6
733,61,1,7
733,77,1,8
733,7,1,9
733,93,1,10
168,74,2,1
168,80,2,2
168,6,2,3
168,57,1,4
168,22,1,5
168,12,1,6
168,73,1,7
168,91,1,8
168,45,1,9
168,94,1,10
302,24,1,1
302,75,1,2
302,74,1,3
302,63,1,4
302,95,1,5
302,19,1,6
302,42,1,7
302,88,1,8
302,79,1,9
302,78,1,10
502,66,2,1
502,21,1,2
502,37,1,3
502,30,1,4
502,60,1,5
502,25,1,6
502,77,1,7
502,86,1,8
502,67,1,9
502,87,1,10
632,24,2,1
632,80,2,2
632,20,1,3
632,86,1,4
632,25,1,5
632,10,1,6
632,40,1,7
632,41,1,8
632,3,1,9
632,75,1,10
684,17,2,1
684,67,1,2
684,57,1,3
684,82,1,4
684,10,1,5
684,7,1,6
684,72,1,7
684,44,1,8
684,53,1,9
684,48,1,10
981,91,2,1
981,90,2,2
981,72,2,3
981,98,1,4
981,23,1,5
981,42,1,6
981,75,1,7
981,65,1,8
981,11,1,9
981,32,1,10
27,51,3,1
27,28,2,2
27,93,1,3
27,73,1,4
27,9,1,5
27,65,1,6
27,38,1,7
27,95,1,8
27,35,1,9
27,45,1,10
477,26,1,1
477,80,1,2
477,10,1,3
477,21,1,4
477,63,1,5
477,68,1,6
477,47,1,7
477,29,1,8
477,62,1,9
477,30,1,10
496,26,2,1
496,9,2,2
496,11,1,3
496,95,1,4
496,10,1,5
496,50,1,6
496,71,1,7
496,79,1,8
496,99,1,9
496,45,1,10
649,89,2,1
649,74,1,2
649,25,1,3
649,57,1,4
649,19,1,5
649,17,1,6
649,36,1,7
649,88,1,8
649,55,1,9
649,73,1,10
493,29,2,1
493,5,1,2
493,23,1,3
493,14,1,4
493,79,1,5
493,33,1,6
493,59,1,7
493,86,1,8
493,64,1,9
493,94,1,10
75,43,2,1
75,64,2,2
75,66,1,3
75,57,1,4
75,89,1,5
75,92,1,6
75,77,1,7
75,73,1,8
75,30,1,9
75,23,1,10
997,88,2,1
997,14,2,2
997,64,2,3
997,61,1,4
997,84,1,5
997,76,1,6
997,12,1,7
997,43,1,8
997,44,1,9
997,93,1,10
166,67,2,1
166,26,1,2
166,24,1,3
166,92,1,4
166,19,1,5
166,93,1,6
166,17,1,7
166,78,1,8
166,64,1,9
166,6,1,10
219,83,1,1
219,64,1,2
219,30,1,3
219,49,1,4
219,3,1,5
219,56,1,6
219,43,1,7
219,92,1,8
219,89,1,9
219,39,1,10
601,84,1,1
601,94,1,2
601,7,1,3
601,74,1,4
601,61,1,5
601,95,1,6
601,25,1,7
601,9,1,8
601,69,1,9
601,93,1,10
801,38,2,1
801,54,2,2
801,93,1,3
801,17,1,4
801,78,1,5
801,62,1,6
801,80,1,7
801,72,1,8
801,4,1,9
801,98,1,10
126,75,2,1
126,98,1,2
126,53,1,3
126,46,1,4
126,3,1,5
126,26,1,6
126,6,1,7
126,60,1,8
126,33,1,9
126,44,1,10
131,28,2,1
131,87,1,2
131,74,1,3
131,12,1,4
131,84,1,5
131,49,1,6
131,38,1,7
131,58,1,8
131,60,1,9
131,51,1,10
140,46,1,1
140,67,1,2
140,1,1,3
140,36,1,4
140,47,1,5
140,68,1,6
140,83,1,7
140,84,1,8
140,91,1,9
140,97,1,10
17,23,2,1
17,78,2,2
17,89,1,3
17,76,1,4
17,57,1,5
17,29,1,6
17,74,1,7
17,58,1,8
17,31,1,9
17,98,1,10
640,91,3,1
640,12,1,2
640,59,1,3
640,56,1,4
640,44,1,5
640,94,1,6
640,20,1,7
640,52,1,8
640,77,1,9
640,78,1,10
227,66,1,1
227,53,1,2
227,43,1,3
227,56,1,4
227,2,1,5
227,100,1,6
227,73,1,7
227,60,1,8
227,67,1,9
227,95,1,10
26,92,3,1
26,21,2,2
26,37,2,3
26,84,2,4
26,70,1,5
26,63,1,6
26,78,1,7
26,82,1,8
26,58,1,9
26,52,1,10
286,42,1,1
286,78,1,2
286,54,1,3
286,28,1,4
286,26,1,5
286,87,1,6
286,56,1,7
286,29,1,8
286,8,1,9
286,84,1,10
905,21,1,1
905,38,1,2
905,52,1,3
905,99,1,4
905,20,1,5
905,79,1,6
905,53,1,7
905,47,1,8
905,19,1,9
905,43,1,10
876,84,2,1
876,39,1,2
876,17,1,3
876,68,1,4
876,67,1,5
876,36,1,6
876,65,1,7
876,25,1,8
876,85,1,9
876,13,1,10
326,19,2,1
326,65,2,2
326,35,1,3
326,25,1,4
326,87,1,5
326,77,1,6
326,17,1,7
326,72,1,8
326,32,1,9
326,64,1,10
773,16,2,1
773,34,2,2
773,18,1,3
773,100,1,4
773,61,1,5
773,5,1,6
773,76,1,7
773,85,1,8
773,36,1,9
773,80,1,10
835,85,1,1
835,31,1,2
835,14,1,3
835,30,1,4
835,44,1,5
835,11,1,6
835,51,1,7
835,91,1,8
835,73,1,9
835,46,1,10
842,55,1,1
842,75,1,2
842,47,1,3
842,37,1,4
842,82,1,5
842,92,1,6
842,53,1,7
842,26,1,8
842,6,1,9
842,5,1,10
268,76,2,1
268,81,1,2
268,3,1,3
268,96,1,4
268,50,1,5
268,99,1,6
268,44,1,7
268,47,1,8
268,25,1,9
268,94,1,10
46,98,2,1
46,94,2,2
46,96,1,3
46,4,1,4
46,71,1,5
46,51,1,6
46,32,1,7
46,20,1,8
46,14,1,9
46,80,1,10
631,72,1,1
631,45,1,2
631,89,1,3
631,84,1,4
631,44,1,5
631,60,1,6
631,61,1,7
631,66,1,8
716,34,1,1
716,62,1,2
716,22,1,3
716,37,1,4
716,80,1,5
716,25,1,6
716,53,1,7
716,73,1,8
716,36,1,9
716,92,1,10
130,18,2,1
130,48,1,2
130,44,1,3
130,40,1,4
130,84,1,5
130,10,1,6
130,68,1,7
130,3,1,8
130,93,1,9
130,82,1,10
374,93,2,1
374,10,2,2
374,86,2,3
374,52,1,4
374,2,1,5
374,91,1,6
374,46,1,7
374,73,1,8
374,3,1,9
374,74,1,10
906,71,2,1
906,84,1,2
906,88,1,3
906,7,1,4
906,16,1,5
906,40,1,6
906,80,1,7
906,65,1,8
906,90,1,9
906,60,1,10
558,72,1,1
558,100,1,2
558,71,1,3
558,95,1,4
558,88,1,5
558,66,1,6
558,62,1,7
558,93,1,8
558,85,1,9
558,80,1,10
164,60,2,1
164,27,2,2
164,89,1,3
164,71,1,4
164,18,1,5
164,16,1,6
164,13,1,7
164,92,1,8
164,53,1,9
164,59,1,10
207,85,2,1
207,25,2,2
207,14,2,3
207,47,2,4
207,65,1,5
207,73,1,6
207,24,1,7
207,80,1,8
207,90,1,9
207,84,1,10
455,9,2,1
455,75,1,2
455,13,1,3
455,100,1,4
455,59,1,5
455,88,1,6
455,4,1,7
455,76,1,8
455,86,1,9
455,7,1,10
839,55,2,1
839,15,2,2
839,93,1,3
839,32,1,4
839,33,1,5
839,77,1,6
839,78,1,7
839,74,1,8
839,89,1,9
839,3,1,10
78,48,2,1
78,59,2,2
78,32,1,3
78,66,1,4
78,77,1,5
78,97,1,6
78,52,1,7
78,10,1,8
78,27,1,9
78,35,1,10
790,33,1,1
790,20,1,2
790,53,1,3
790,52,1,4
790,23,1,5
790,7,1,6
790,42,1,7
790,40,1,8
790,32,1,9
790,88,1,10
328,73,2,1
328,63,2,2
328,79,1,3
328,8,1,4
328,19,1,5
328,29,1,6
328,45,1,7
328,12,1,8
328,6,1,9
328,53,1,10
486,62,2,1
486,32,1,2
486,18,1,3
486,57,1,4
486,40,1,5
486,33,1,6
486,55,1,7
486,2,1,8
486,94,1,9
486,6,1,10
228,53,4,1
228,34,1,2
228,19,1,3
228,72,1,4
228,16,1,5
228,11,1,6
228,83,1,7
228,21,1,8
228,37,1,9
228,90,1,10
77,10,2,1
77,23,2,2
77,49,1,3
77,34,1,4
77,15,1,5
77,45,1,6
77,47,1,7
77,79,1,8
77,44,1,9
77,35,1,10
89,76,2,1
89,18,2,2
89,94,1,3
89,99,1,4
89,25,1,5
89,88,1,6
89,92,1,7
89,55,1,8
89,90,1,9
89,14,1,10
904,44,2,1
904,51,2,2
904,34,2,3
904,26,1,4
904,7,1,5
904,69,1,6
904,70,1,7
904,43,1,8
904,93,1,9
904,28,1,10
198,19,2,1
198,72,1,2
198,83,1,3
198,89,1,4
198,94,1,5
198,9,1,6
198,87,1,7
198,79,1,8
198,31,1,9
198,84,1,10
290,83,2,1
290,50,1,2
290,64,1,3
290,4,1,4
290,52,1,5
290,8,1,6
290,53,1,7
290,13,1,8
290,19,1,9
290,91,1,10
1000,37,1,1
1000,27,1,2
1000,61,1,3
1000,93,1,4
1000,85,1,5
1000,83,1,6
118,74,1,1
118,14,1,2
118,24,1,3
118,64,1,4
118,23,1,5
118,52,1,6
118,38,1,7
118,57,1,8
118,75,1,9
118,6,1,10
6,82,3,1
6,75,2,2
6,87,2,3
6,30,1,4
6,55,1,5
6,73,1,6
6,18,1,7
6,34,1,8
6,24,1,9
6,89,1,10
517,47,2,1
517,43,1,2
517,99,1,3
517,100,1,4
517,35,1,5
517,3,1,6
517,95,1,7
517,84,1,8
517,76,1,9
517,46,1,10
935,61,2,1
935,79,2,2
935,74,1,3
935,66,1,4
935,63,1,5
935,31,1,6
935,86,1,7
935,94,1,8
935,42,1,9
935,62,1,10
932,38,1,1
932,3,1,2
932,45,1,3
932,61,1,4
932,71,1,5
932,37,1,6
932,57,1,7
932,90,1,8
932,25,1,9
932,33,1,10
185,15,2,1
185,43,2,2
185,14,1,3
185,67,1,4
185,2,1,5
185,21,1,6
185,100,1,7
185,85,1,8
185,91,1,9
185,78,1,10
341,54,1,1
341,79,1,2
341,48,1,3
341,56,1,4
341,55,1,5
341,93,1,6
341,58,1,7
341,39,1,8
341,5,1,9
341,88,1,10
653,10,1,1
653,54,1,2
653,58,1,3
653,33,1,4
653,29,1,5
653,48,1,6
653,9,1,7
653,60,1,8
653,100,1,9
653,37,1,10
753,85,2,1
753,39,1,2
753,70,1,3
753,100,1,4
753,38,1,5
753,12,1,6
753,89,1,7
753,47,1,8
753,23,1,9
753,33,1,10
230,80,1,1
230,68,1,2
230,30,1,3
230,36,1,4
230,33,1,5
230,35,1,6
230,29,1,7
230,7,1,8
230,76,1,9
230,63,1,10
452,30,1,1
452,6,1,2
452,62,1,3
452,19,1,4
452,68,1,5
452,64,1,6
452,5,1,7
452,1,1,8
452,2,1,9
452,8,1,10
177,13,2,1
177,30,1,2
177,48,1,3
177,73,1,4
177,35,1,5
177,8,1,6
177,23,1,7
177,43,1,8
177,14,1,9
177,37,1,10
604,42,2,1
604,84,2,2
604,51,2,3
604,96,2,4
604,90,1,5
604,50,1,6
604,14,1,7
604,85,1,8
604,11,1,9
604,21,1,10
678,49,2,1
678,26,1,2
678,74,1,3
678,50,1,4
678,82,1,5
678,47,1,6
678,76,1,7
678,46,1,8
678,13,1,9
678,60,1,10
104,81,2,1
104,77,1,2
104,25,1,3
104,90,1,4
104,60,1,5
104,43,1,6
104,94,1,7
104,11,1,8
104,47,1,9
104,12,1,10
229,52,2,1
229,23,2,2
229,6,2,3
229,1,1,4
229,27,1,5
229,90,1,6
229,11,1,7
229,33,1,8
229,97,1,9
229,68,1,10
246,79,2,1
246,8,1,2
246,98,1,3
246,71,1,4
246,83,1,5
246,9,1,6
246,17,1,7
246,67,1,8
246,51,1,9
246,86,1,10
413,77,1,1
413,99,1,2
413,58,1,3
413,93,1,4
413,100,1,5
413,7,1,6
413,42,1,7
413,59,1,8
413,43,1,9
413,50,1,10
60,13,2,1
60,11,2,2
60,95,2,3
60,45,2,4
60,46,1,5
60,28,1,6
60,50,1,7
60,23,1,8
60,64,1,9
60,76,1,10
657,93,3,1
657,45,1,2
657,44,1,3
657,35,1,4
657,97,1,5
657,83,1,6
657,23,1,7
657,81,1,8
657,26,1,9
657,51,1,10
194,74,2,1
194,69,2,2
194,29,1,3
194,88,1,4
194,57,1,5
194,18,1,6
194,79,1,7
194,48,1,8
194,91,1,9
194,37,1,10
418,82,2,1
418,87,1,2
418,97,1,3
418,45,1,4
418,83,1,5
418,88,1,6
418,66,1,7
418,72,1,8
418,93,1,9
418,47,1,10
994,17,1,1
994,10,1,2
994,90,1,3
994,46,1,4
994,58,1,5
994,39,1,6
994,14,1,7
994,30,1,8
994,81,1,9
994,28,1,10
347,53,3,1
347,26,1,2
347,64,1,3
347,73,1,4
347,79,1,5
347,88,1,6
347,22,1,7
347,12,1,8
347,56,1,9
347,83,1,10
128,40,2,1
128,23,1,2
128,19,1,3
128,6,1,4
128,98,1,5
128,35,1,6
128,7,1,7
128,24,1,8
128,2,1,9
128,43,1,10
23,5,1,1
23,91,1,2
23,93,1,3
23,35,1,4
23,53,1,5
23,14,1,6
23,57,1,7
23,10,1,8
23,79,1,9
23,58,1,10
41,7,2,1
41,63,2,2
41,91,1,3
41,31,1,4
41,90,1,5
41,85,1,6
41,76,1,7
41,44,1,8
41,36,1,9
41,74,1,10
439,23,2,1
439,5,2,2
439,37,2,3
439,62,2,4
439,71,1,5
439,45,1,6
439,16,1,7
439,28,1,8
439,75,1,9
439,2,1,10
533,43,2,1
533,49,2,2
533,31,1,3
533,55,1,4
533,69,1,5
533,45,1,6
533,50,1,7
533,77,1,8
533,32,1,9
533,56,1,10
837,48,2,1
837,11,2,2
837,95,1,3
837,80,1,4
837,74,1,5
837,94,1,6
837,22,1,7
837,57,1,8
837,51,1,9
837,34,1,10
840,56,1,1
840,2,1,2
840,32,1,3
840,14,1,4
840,78,1,5
840,72,1,6
840,84,1,7
840,66,1,8
840,48,1,9
840,88,1,10
530,97,1,1
530,15,1,2
530,74,1,3
530,84,1,4
530,59,1,5
530,23,1,6
530,98,1,7
530,51,1,8
530,57,1,9
530,64,1,10
55,73,1,1
55,77,1,2
55,67,1,3
55,74,1,4
55,4,1,5
55,31,1,6
55,63,1,7
55,69,1,8
55,23,1,9
55,26,1,10
474,70,2,1
474,64,2,2
474,83,1,3
474,38,1,4
474,78,1,5
474,62,1,6
474,15,1,7
474,28,1,8
474,75,1,9
474,89,1,10
238,68,2,1
238,45,2,2
238,84,1,3
238,31,1,4
238,77,1,5
238,19,1,6
238,18,1,7
238,21,1,8
238,79,1,9
238,30,1,10
456,51,2,1
456,78,1,2
456,94,1,3
456,47,1,4
456,81,1,5
456,92,1,6
456,90,1,7
456,70,1,8
456,87,1,9
456,25,1,10
111,28,1,1
111,16,1,2
111,6,1,3
111,36,1,4
111,61,1,5
111,11,1,6
111,46,1,7
111,45,1,8
111,79,1,9
111,95,1,10
349,1,2,1
349,97,1,2
349,88,1,3
349,63,1,4
349,78,1,5
349,73,1,6
349,12,1,7
349,77,1,8
349,90,1,9
349,86,1,10
645,16,2,1
645,64,2,2
645,57,2,3
645,90,2,4
645,81,1,5
645,79,1,6
645,48,1,7
645,82,1,8
645,7,1,9
645,43,1,10
694,42,2,1
694,82,1,2
694,8,1,3
694,55,1,4
694,36,1,5
694,14,1,6
694,31,1,7
694,96,1,8
694,78,1,9
694,75,1,10
220,44,2,1
220,91,2,2
220,52,2,3
220,95,1,4
220,11,1,5
220,58,1,6
220,55,1,7
220,84,1,8
220,63,1,9
220,7,1,10
748,72,2,1
748,81,2,2
748,55,2,3
748,23,1,4
748,9,1,5
748,67,1,6
748,41,1,7
748,51,1,8
748,47,1,9
748,33,1,10
885,80,2,1
885,65,2,2
885,28,1,3
885,49,1,4
885,88,1,5
885,56,1,6
885,58,1,7
885,66,1,8
885,13,1,9
885,96,1,10
436,56,2,1
436,25,2,2
436,45,1,3
436,43,1,4
436,14,1,5
436,52,1,6
436,64,1,7
436,21,1,8
436,34,1,9
436,94,1,10
709,4,1,1
709,57,1,2
709,75,1,3
709,82,1,4
709,59,1,5
709,65,1,6
709,46,1,7
709,15,1,8
709,48,1,9
709,34,1,10
983,32,2,1
983,66,1,2
983,59,1,3
983,92,1,4
983,9,1,5
983,87,1,6
983,8,1,7
983,2,1,8
983,39,1,9
983,68,1,10
545,15,2,1
545,99,2,2
545,41,1,3
545,97,1,4
545,56,1,5
545,76,1,6
545,86,1,7
545,70,1,8
545,80,1,9
545,46,1,10
891,98,1,1
891,75,1,2
891,39,1,3
891,8,1,4
891,86,1,5
891,38,1,6
891,19,1,7
891,13,1,8
891,77,1,9
891,47,1,10
167,48,2,1
167,12,2,2
167,82,2,3
167,31,1,4
167,8,1,5
167,77,1,6
167,36,1,7
167,91,1,8
167,59,1,9
167,67,1,10
412,57,2,1
412,92,1,2
412,36,1,3
412,10,1,4
412,37,1,5
412,88,1,6
412,54,1,7
412,4,1,8
412,71,1,9
412,43,1,10
93,29,2,1
93,77,1,2
93,3,1,3
93,50,1,4
93,74,1,5
93,24,1,6
93,56,1,7
93,80,1,8
93,76,1,9
93,30,1,10
95,87,1,1
95,34,1,2
95,19,1,3
95,9,1,4
95,3,1,5
95,39,1,6
95,5,1,7
95,56,1,8
95,21,1,9
95,96,1,10
822,91,2,1
822,92,1,2
822,64,1,3
822,21,1,4
822,46,1,5
822,99,1,6
822,14,1,7
822,52,1,8
822,33,1,9
822,58,1,10
982,75,1,1
982,77,1,2
982,31,1,3
982,15,1,4
982,81,1,5
982,25,1,6
982,96,1,7
982,33,1,8
982,95,1,9
982,10,1,10
369,30,1,1
369,13,1,2
369,6,1,3
369,24,1,4
369,68,1,5
369,38,1,6
369,92,1,7
369,27,1,8
369,25,1,9
369,21,1,10
38,7,2,1
38,9,2,2
38,45,1,3
38,44,1,4
38,1,1,5
38,61,1,6
38,36,1,7
38,55,1,8
38,67,1,9
38,56,1,10
40,3,2,1
40,63,2,2
40,57,1,3
40,62,1,4
40,38,1,5
40,99,1,6
40,20,1,7
40,74,1,8
40,28,1,9
40,73,1,10
941,22,3,1
941,34,2,2
941,36,1,3
941,31,1,4
941,5,1,5
941,27,1,6
941,87,1,7
941,69,1,8
941,59,1,9
941,67,1,10
506,6,2,1
506,47,2,2
506,89,2,3
506,87,1,4
506,42,1,5
506,55,1,6
506,53,1,7
506,4,1,8
506,10,1,9
506,92,1,10
585,16,1,1
585,56,1,2
585,36,1,3
585,63,1,4
585,55,1,5
585,30,1,6
585,5,1,7
585,33,1,8
585,35,1,9
585,43,1,10
977,49,2,1
977,80,2,2
977,27,2,3
977,26,1,4
977,50,1,5
977,74,1,6
977,29,1,7
977,51,1,8
977,82,1,9
977,35,1,10
373,26,2,1
373,83,1,2
373,3,1,3
373,42,1,4
373,16,1,5
373,58,1,6
373,9,1,7
373,5,1,8
373,25,1,9
373,84,1,10
688,5,2,1
688,65,1,2
688,31,1,3
688,4,1,4
688,37,1,5
688,59,1,6
688,98,1,7
688,60,1,8
688,29,1,9
688,30,1,10
914,38,2,1
914,99,2,2
914,78,2,3
914,87,1,4
914,11,1,5
914,49,1,6
914,93,1,7
914,88,1,8
914,37,1,9
914,66,1,10
270,76,2,1
270,6,2,2
270,98,2,3
270,65,2,4
270,23,1,5
270,26,1,6
270,3,1,7
270,78,1,8
270,77,1,9
270,87,1,10
879,15,2,1
879,93,2,2
879,49,2,3
879,31,1,4
879,52,1,5
879,79,1,6
879,24,1,7
879,97,1,8
879,69,1,9
879,63,1,10
993,41,1,1
993,69,1,2
993,34,1,3
993,40,1,4
993,92,1,5
993,77,1,6
993,18,1,7
993,76,1,8
993,6,1,9
993,33,1,10
190,95,2,1
190,47,1,2
190,65,1,3
190,5,1,4
190,36,1,5
190,17,1,6
190,81,1,7
190,83,1,8
190,32,1,9
190,71,1,10
338,29,1,1
338,64,1,2
338,7,1,3
338,65,1,4
338,79,1,5
338,90,1,6
338,60,1,7
338,59,1,8
338,99,1,9
338,31,1,10
779,76,2,1
779,35,1,2
779,28,1,3
779,97,1,4
779,16,1,5
779,48,1,6
779,6,1,7
779,2,1,8
779,57,1,9
779,54,1,10
144,65,2,1
144,47,2,2
144,78,2,3
144,22,1,4
144,42,1,5
144,93,1,6
144,81,1,7
144,13,1,8
144,56,1,9
144,73,1,10
531,95,1,1
531,44,1,2
531,96,1,3
531,84,1,4
531,17,1,5
531,55,1,6
531,24,1,7
531,46,1,8
531,8,1,9
531,94,1,10
754,31,3,1
754,89,1,2
754,38,1,3
754,18,1,4
754,57,1,5
754,44,1,6
754,83,1,7
754,98,1,8
754,60,1,9
754,45,1,10
963,11,2,1
963,57,1,2
963,94,1,3
963,85,1,4
963,72,1,5
963,81,1,6
963,89,1,7
963,48,1,8
963,59,1,9
963,23,1,10
985,71,2,1
985,60,2,2
985,96,1,3
985,31,1,4
985,75,1,5
985,49,1,6
985,80,1,7
985,32,1,8
985,69,1,9
985,65,1,10
82,55,2,1
82,29,1,2
82,64,1,3
82,52,1,4
82,87,1,5
82,26,1,6
82,38,1,7
82,48,1,8
82,58,1,9
82,93,1,10
193,17,1,1
193,70,1,2
193,46,1,3
193,3,1,4
193,54,1,5
193,85,1,6
193,2,1,7
193,20,1,8
193,73,1,9
193,69,1,10
283,18,2,1
283,59,1,2
283,49,1,3
283,91,1,4
283,58,1,5
283,15,1,6
283,40,1,7
283,46,1,8
283,7,1,9
283,28,1,10
638,3,1,1
638,93,1,2
638,61,1,3
638,98,1,4
638,60,1,5
638,8,1,6
638,68,1,7
638,81,1,8
638,71,1,9
638,79,1,10
725,15,1,1
725,90,1,2
725,25,1,3
725,57,1,4
725,58,1,5
725,99,1,6
725,62,1,7
725,12,1,8
725,93,1,9
725,74,1,10
852,21,2,1
852,66,2,2
852,5,2,3
852,30,1,4
852,23,1,5
852,98,1,6
852,74,1,7
852,57,1,8
852,15,1,9
852,79,1,10
285,92,1,1
285,87,1,2
285,68,1,3
285,95,1,4
285,32,1,5
285,35,1,6
285,51,1,7
285,28,1,8
285,47,1,9
285,83,1,10
231,27,1,1
231,100,1,2
231,44,1,3
231,53,1,4
231,67,1,5
231,10,1,6
231,75,1,7
231,99,1,8
231,33,1,9
231,31,1,10
834,40,2,1
834,87,2,2
834,48,2,3
834,55,1,4
834,74,1,5
834,39,1,6
834,76,1,7
834,71,1,8
834,51,1,9
834,42,1,10
92,35,2,1
92,69,2,2
92,49,2,3
92,27,1,4
92,52,1,5
92,3,1,6
92,94,1,7
92,16,1,8
92,36,1,9
92,73,1,10
122,40,1,1
122,84,1,2
122,25,1,3
122,75,1,4
122,74,1,5
122,93,1,6
122,72,1,7
122,42,1,8
122,86,1,9
122,31,1,10
380,57,3,1
380,75,1,2
380,15,1,3
380,71,1,4
380,2,1,5
380,98,1,6
380,55,1,7
380,38,1,8
380,70,1,9
380,42,1,10
615,86,2,1
615,26,2,2
615,2,1,3
615,40,1,4
615,18,1,5
615,34,1,6
615,41,1,7
615,62,1,8
615,88,1,9
615,63,1,10
660,92,2,1
660,86,2,2
660,2,2,3
660,79,1,4
660,48,1,5
660,30,1,6
660,53,1,7
660,84,1,8
660,33,1,9
660,32,1,10
117,9,2,1
117,85,1,2
117,30,1,3
117,3,1,4
117,21,1,5
117,60,1,6
117,53,1,7
117,22,1,8
117,95,1,9
117,55,1,10
247,50,2,1
247,52,2,2
247,61,1,3
247,41,1,4
247,45,1,5
247,85,1,6
247,53,1,7
612,42,2,1
612,40,2,2
612,3,1,3
612,58,1,4
612,62,1,5
612,74,1,6
612,75,1,7
612,77,1,8
612,88,1,9
612,81,1,10
968,59,2,1
968,76,1,2
968,66,1,3
968,5,1,4
968,98,1,5
968,70,1,6
968,45,1,7
968,46,1,8
968,83,1,9
968,42,1,10
627,33,1,1
627,83,1,2
627,46,1,3
627,84,1,4
627,58,1,5
627,12,1,6
627,8,1,7
627,99,1,8
627,22,1,9
627,60,1,10
86,48,2,1
86,66,1,2
86,2,1,3
86,21,1,4
86,71,1,5
86,75,1,6
86,41,1,7
86,28,1,8
86,16,1,9
86,4,1,10
281,89,3,1
281,36,2,2
281,18,2,3
281,51,1,4
281,15,1,5
281,43,1,6
281,64,1,7
281,22,1,8
281,37,1,9
281,3,1,10
58,20,2,1
58,39,2,2
58,82,1,3
58,12,1,4
58,74,1,5
58,7,1,6
58,97,1,7
58,81,1,8
58,17,1,9
58,58,1,10
816,58,2,1
816,2,1,2
816,3,1,3
816,64,1,4
816,18,1,5
816,59,1,6
816,37,1,7
816,79,1,8
816,95,1,9
816,46,1,10
394,83,2,1
394,26,2,2
394,96,2,3
394,29,1,4
394,55,1,5
394,99,1,6
394,82,1,7
394,65,1,8
394,84,1,9
394,50,1,10
741,63,2,1
741,13,1,2
741,68,1,3
741,79,1,4
741,92,1,5
741,71,1,6
741,52,1,7
741,14,1,8
741,30,1,9
741,42,1,10
877,43,2,1
877,4,2,2
877,20,1,3
877,77,1,4
877,30,1,5
877,85,1,6
877,45,1,7
877,51,1,8
877,61,1,9
877,17,1,10
360,68,2,1
360,99,2,2
360,19,1,3
360,63,1,4
360,78,1,5
360,52,1,6
360,86,1,7
360,17,1,8
360,32,1,9
360,33,1,10
416,81,2,1
416,69,2,2
416,57,1,3
416,33,1,4
416,77,1,5
416,46,1,6
416,78,1,7
416,50,1,8
416,15,1,9
416,54,1,10
437,38,2,1
437,39,2,2
437,20,1,3
437,61,1,4
437,88,1,5
437,49,1,6
437,90,1,7
437,64,1,8
437,4,1,9
437,45,1,10
751,11,2,1
751,38,1,2
751,55,1,3
751,27,1,4
751,49,1,5
751,13,1,6
751,85,1,7
751,36,1,8
751,43,1,9
751,89,1,10
616,50,1,1
616,82,1,2
616,98,1,3
616,17,1,4
616,9,1,5
616,80,1,6
616,71,1,7
616,12,1,8
616,88,1,9
616,54,1,10
204,63,2,1
204,20,2,2
204,99,1,3
204,22,1,4
204,47,1,5
204,64,1,6
204,51,1,7
204,65,1,8
204,23,1,9
204,74,1,10
363,63,3,1
363,18,2,2
363,19,2,3
363,95,1,4
363,38,1,5
363,98,1,6
363,2,1,7
363,48,1,8
363,32,1,9
363,42,1,10
865,67,2,1
865,33,1,2
865,73,1,3
865,55,1,4
865,42,1,5
865,6,1,6
865,47,1,7
865,72,1,8
865,90,1,9
865,20,1,10
81,46,1,1
81,31,1,2
81,79,1,3
81,19,1,4
81,18,1,5
81,57,1,6
81,23,1,7
81,99,1,8
81,88,1,9
81,61,1,10
832,97,1,1
832,62,1,2
832,96,1,3
832,74,1,4
832,47,1,5
832,17,1,6
832,76,1,7
832,21,1,8
832,64,1,9
832,59,1,10
896,98,2,1
896,82,1,2
896,39,1,3
896,71,1,4
896,86,1,5
896,35,1,6
896,32,1,7
896,51,1,8
896,70,1,9
896,96,1,10
114,60,1,1
114,13,1,2
114,73,1,3
114,65,1,4
114,43,1,5
114,98,1,6
114,16,1,7
114,75,1,8
114,81,1,9
114,21,1,10
242,84,1,1
242,27,1,2
242,73,1,3
242,71,1,4
242,36,1,5
242,56,1,6
242,49,1,7
242,77,1,8
242,93,1,9
242,96,1,10
33,24,1,1
33,23,1,2
33,61,1,3
33,43,1,4
33,64,1,5
33,95,1,6
33,17,1,7
33,90,1,8
33,55,1,9
33,96,1,10
430,51,2,1
430,85,2,2
430,60,1,3
430,63,1,4
430,27,1,5
430,80,1,6
430,74,1,7
430,35,1,8
430,15,1,9
430,62,1,10
622,95,2,1
622,51,1,2
622,57,1,3
622,16,1,4
622,64,1,5
622,27,1,6
622,49,1,7
622,19,1,8
622,42,1,9
622,65,1,10
708,56,2,1
708,94,1,2
708,30,1,3
708,51,1,4
708,80,1,5
708,9,1,6
708,87,1,7
708,17,1,8
708,21,1,9
708,93,1,10
916,33,1,1
916,77,1,2
916,29,1,3
916,35,1,4
916,3,1,5
916,86,1,6
916,61,1,7
916,24,1,8
916,40,1,9
916,12,1,10
213,38,2,1
213,22,1,2
213,77,1,3
213,6,1,4
213,50,1,5
213,82,1,6
213,76,1,7
213,97,1,8
213,9,1,9
213,35,1,10
291,13,3,1
291,25,3,2
291,67,2,3
291,47,1,4
291,60,1,5
291,52,1,6
291,87,1,7
291,72,1,8
291,8,1,9
291,59,1,10
536,32,3,1
536,31,2,2
536,5,1,3
536,78,1,4
536,49,1,5
536,37,1,6
536,100,1,7
536,36,1,8
536,27,1,9
536,87,1,10
759,69,2,1
759,70,2,2
759,98,1,3
759,86,1,4
759,54,1,5
759,63,1,6
759,9,1,7
759,68,1,8
759,96,1,9
759,95,1,10
555,61,2,1
555,40,2,2
555,66,2,3
555,85,1,4
555,31,1,5
555,55,1,6
555,12,1,7
555,65,1,8
555,29,1,9
555,24,1,10
592,27,1,1
592,81,1,2
592,76,1,3
592,83,1,4
592,34,1,5
592,45,1,6
592,44,1,7
592,67,1,8
592,66,1,9
592,89,1,10
739,39,2,1
739,68,1,2
739,6,1,3
739,27,1,4
739,85,1,5
739,16,1,6
739,19,1,7
739,20,1,8
739,38,1,9
739,76,1,10
958,40,2,1
958,100,2,2
958,5,1,3
958,39,1,4
958,47,1,5
958,4,1,6
958,2,1,7
958,69,1,8
958,80,1,9
958,44,1,10
150,12,2,1
150,61,2,2
150,3,2,3
150,46,1,4
150,82,1,5
150,32,1,6
150,52,1,7
150,92,1,8
150,48,1,9
150,51,1,10
526,75,2,1
526,63,1,2
526,32,1,3
526,40,1,4
526,78,1,5
526,19,1,6
526,92,1,7
526,12,1,8
526,56,1,9
526,41,1,10
623,46,1,1
623,57,1,2
623,87,1,3
623,29,1,4
623,10,1,5
623,85,1,6
623,95,1,7
623,47,1,8
623,8,1,9
623,6,1,10
794,12,1,1
794,21,1,2
794,64,1,3
794,16,1,4
794,71,1,5
794,2,1,6
794,29,1,7
794,47,1,8
794,24,1,9
794,85,1,10
170,46,1,1
170,98,1,2
170,23,1,3
170,43,1,4
170,24,1,5
170,74,1,6
170,90,1,7
170,37,1,8
170,91,1,9
170,22,1,10
382,35,1,1
382,54,1,2
382,89,1,3
382,41,1,4
382,50,1,5
382,78,1,6
382,16,1,7
382,83,1,8
382,34,1,9
382,76,1,10
393,94,1,1
393,7,1,2
393,53,1,3
393,48,1,4
393,75,1,5
393,27,1,6
393,54,1,7
393,37,1,8
393,70,1,9
393,52,1,10
593,5,2,1
593,7,2,2
593,46,1,3
593,21,1,4
593,56,1,5
593,37,1,6
593,88,1,7
593,27,1,8
593,63,1,9
593,79,1,10
654,24,2,1
654,63,2,2
654,52,1,3
654,40,1,4
654,45,1,5
654,77,1,6
654,100,1,7
654,50,1,8
654,94,1,9
654,83,1,10
687,16,2,1
687,88,2,2
687,10,1,3
687,60,1,4
687,23,1,5
687,25,1,6
687,9,1,7
687,13,1,8
687,80,1,9
687,69,1,10
153,69,1,1
153,20,1,2
153,23,1,3
153,72,1,4
153,80,1,5
153,56,1,6
153,49,1,7
153,87,1,8
153,45,1,9
153,35,1,10
259,59,3,1
259,84,1,2
259,5,1,3
259,62,1,4
259,44,1,5
259,50,1,6
259,85,1,7
259,23,1,8
259,82,1,9
259,2,1,10
48,87,2,1
48,6,2,2
48,95,2,3
48,94,1,4
48,28,1,5
48,57,1,6
48,10,1,7
48,43,1,8
48,99,1,9
48,36,1,10
217,29,1,1
217,9,1,2
217,62,1,3
217,49,1,4
217,77,1,5
217,40,1,6
217,55,1,7
217,73,1,8
217,39,1,9
217,68,1,10
950,17,2,1
950,23,1,2
950,95,1,3
950,66,1,4
950,8,1,5
950,42,1,6
141,26,1,1
141,31,1,2
141,25,1,3
141,58,1,4
141,22,1,5
141,29,1,6
141,56,1,7
141,44,1,8
141,63,1,9
141,74,1,10
180,79,2,1
180,69,1,2
180,40,1,3
180,20,1,4
180,48,1,5
180,31,1,6
180,91,1,7
180,58,1,8
240,36,2,1
240,85,1,2
240,97,1,3
240,18,1,4
240,37,1,5
240,63,1,6
240,44,1,7
240,81,1,8
240,77,1,9
240,24,1,10
243,84,2,1
243,19,1,2
243,16,1,3
243,27,1,4
243,20,1,5
243,51,1,6
243,23,1,7
243,93,1,8
243,22,1,9
243,58,1,10
643,54,2,1
643,9,1,2
643,46,1,3
643,4,1,4
643,11,1,5
643,26,1,6
643,30,1,7
643,72,1,8
643,5,1,9
643,28,1,10
159,50,2,1
159,59,2,2
159,98,1,3
159,81,1,4
159,26,1,5
159,43,1,6
159,100,1,7
159,19,1,8
159,44,1,9
159,46,1,10
209,50,1,1
209,24,1,2
209,36,1,3
209,42,1,4
209,69,1,5
209,56,1,6
209,75,1,7
209,28,1,8
209,38,1,9
209,19,1,10
377,80,2,1
377,7,1,2
377,14,1,3
377,62,1,4
377,20,1,5
377,23,1,6
377,97,1,7
377,50,1,8
377,6,1,9
377,81,1,10
783,64,2,1
783,3,1,2
783,15,1,3
783,8,1,4
783,10,1,5
783,85,1,6
783,54,1,7
783,51,1,8
783,87,1,9
783,48,1,10
589,92,2,1
589,22,1,2
589,50,1,3
589,93,1,4
589,71,1,5
589,32,1,6
589,45,1,7
589,42,1,8
589,41,1,9
589,82,1,10
106,19,2,1
106,68,1,2
106,32,1,3
106,31,1,4
106,60,1,5
106,26,1,6
106,40,1,7
106,4,1,8
106,63,1,9
106,97,1,10
402,10,1,1
402,41,1,2
402,77,1,3
402,48,1,4
402,5,1,5
402,64,1,6
402,45,1,7
402,88,1,8
402,58,1,9
402,7,1,10
457,36,2,1
457,8,2,2
457,9,1,3
457,86,1,4
457,27,1,5
457,37,1,6
457,51,1,7
457,94,1,8
457,50,1,9
457,75,1,10
67,12,2,1
67,96,2,2
67,66,1,3
67,54,1,4
67,55,1,5
67,29,1,6
67,64,1,7
67,52,1,8
67,31,1,9
67,24,1,10
811,62,1,1
811,76,1,2
811,93,1,3
811,74,1,4
811,48,1,5
811,15,1,6
811,27,1,7
811,51,1,8
811,100,1,9
811,80,1,10
236,27,1,1
236,99,1,2
236,2,1,3
236,62,1,4
236,3,1,5
236,35,1,6
236,29,1,7
236,72,1,8
236,6,1,9
236,70,1,10
838,93,1,1
838,36,1,2
838,5,1,3
838,38,1,4
838,6,1,5
838,28,1,6
838,56,1,7
838,64,1,8
838,35,1,9
838,68,1,10
84,72,1,1
84,47,1,2
84,36,1,3
84,67,1,4
84,17,1,5
84,45,1,6
84,52,1,7
84,30,1,8
84,7,1,9
84,22,1,10
266,82,1,1
266,76,1,2
266,43,1,3
266,9,1,4
266,27,1,5
266,1,1,6
266,17,1,7
266,8,1,8
266,15,1,9
266,52,1,10
497,15,1,1
497,99,1,2
497,12,1,3
497,5,1,4
497,69,1,5
497,13,1,6
497,17,1,7
497,36,1,8
497,72,1,9
497,8,1,10
922,3,1,1
922,2,1,2
922,50,1,3
922,49,1,4
922,95,1,5
922,13,1,6
922,70,1,7
922,90,1,8
922,99,1,9
922,15,1,10
143,12,2,1
143,35,1,2
143,65,1,3
143,68,1,4
143,26,1,5
143,47,1,6
143,10,1,7
143,5,1,8
143,57,1,9
143,63,1,10
322,98,2,1
322,24,2,2
322,12,2,3
322,61,2,4
322,88,1,5
322,28,1,6
322,32,1,7
322,97,1,8
322,96,1,9
322,10,1,10
564,86,1,1
564,53,1,2
564,67,1,3
564,37,1,4
564,54,1,5
564,74,1,6
564,14,1,7
564,57,1,8
564,56,1,9
564,9,1,10
567,26,1,1
567,32,1,2
567,67,1,3
567,40,1,4
567,1,1,5
567,83,1,6
567,6,1,7
567,17,1,8
567,30,1,9
567,95,1,10
648,87,2,1
648,49,1,2
648,34,1,3
648,85,1,4
648,28,1,5
648,94,1,6
648,50,1,7
648,62,1,8
648,46,1,9
648,26,1,10
777,53,2,1
777,43,2,2
777,13,1,3
777,14,1,4
777,22,1,5
777,62,1,6
777,2,1,7
777,3,1,8
777,85,1,9
777,83,1,10
490,91,2,1
490,26,2,2
490,59,2,3
490,50,1,4
490,11,1,5
490,77,1,6
490,58,1,7
490,34,1,8
490,21,1,9
490,6,1,10
715,29,2,1
715,12,1,2
715,67,1,3
715,47,1,4
715,20,1,5
715,79,1,6
715,35,1,7
715,51,1,8
715,6,1,9
715,17,1,10
79,33,1,1
79,66,1,2
79,12,1,3
79,69,1,4
79,84,1,5
79,42,1,6
79,9,1,7
79,20,1,8
79,52,1,9
79,51,1,10
864,52,3,1
864,85,2,2
864,75,1,3
864,44,1,4
864,1,1,5
864,11,1,6
864,16,1,7
864,86,1,8
864,70,1,9
864,72,1,10
893,21,2,1
893,36,2,2
893,20,2,3
893,58,2,4
893,5,1,5
893,44,1,6
893,59,1,7
893,82,1,8
893,9,1,9
893,92,1,10
930,87,1,1
930,45,1,2
930,8,1,3
930,10,1,4
930,77,1,5
930,48,1,6
930,69,1,7
930,66,1,8
930,54,1,9
930,18,1,10
24,99,1,1
24,6,1,2
24,8,1,3
24,60,1,4
24,22,1,5
24,97,1,6
24,95,1,7
24,61,1,8
24,41,1,9
24,82,1,10
313,7,2,1
313,64,1,2
313,38,1,3
313,40,1,4
313,24,1,5
313,49,1,6
313,29,1,7
313,89,1,8
313,95,1,9
313,52,1,10
336,58,2,1
336,55,1,2
336,13,1,3
336,61,1,4
336,69,1,5
336,56,1,6
336,87,1,7
336,43,1,8
336,99,1,9
336,60,1,10
444,8,3,1
444,3,1,2
444,49,1,3
444,26,1,4
444,24,1,5
444,79,1,6
444,98,1,7
444,12,1,8
444,65,1,9
444,36,1,10
465,56,2,1
465,77,2,2
465,78,1,3
465,25,1,4
465,35,1,5
465,46,1,6
465,8,1,7
465,82,1,8
465,26,1,9
465,4,1,10
757,17,2,1
757,61,2,2
757,83,1,3
757,60,1,4
757,22,1,5
757,62,1,6
757,38,1,7
757,41,1,8
757,8,1,9
757,55,1,10
116,59,2,1
116,53,1,2
116,55,1,3
116,37,1,4
116,31,1,5
116,77,1,6
116,78,1,7
116,46,1,8
116,1,1,9
116,17,1,10
405,3,2,1
405,79,1,2
405,2,1,3
405,15,1,4
405,92,1,5
405,13,1,6
405,45,1,7
405,19,1,8
405,97,1,9
405,64,1,10
624,17,2,1
624,90,2,2
624,26,1,3
624,55,1,4
624,68,1,5
624,59,1,6
624,58,1,7
624,36,1,8
624,88,1,9
624,78,1,10
513,10,2,1
513,77,1,2
513,49,1,3
513,42,1,4
513,17,1,5
513,51,1,6
513,58,1,7
513,41,1,8
513,16,1,9
513,32,1,10
780,81,2,1
780,3,1,2
780,51,1,3
780,29,1,4
780,27,1,5
780,54,1,6
780,71,1,7
780,8,1,8
780,43,1,9
780,10,1,10
134,40,2,1
134,75,1,2
134,43,1,3
134,74,1,4
134,6,1,5
134,88,1,6
134,68,1,7
134,20,1,8
134,91,1,9
134,55,1,10
358,59,1,1
358,82,1,2
358,66,1,3
358,33,1,4
358,53,1,5
358,8,1,6
358,74,1,7
358,30,1,8
358,38,1,9
358,62,1,10
538,1,2,1
538,21,2,2
538,47,2,3
538,42,1,4
538,23,1,5
538,46,1,6
538,36,1,7
538,50,1,8
538,92,1,9
538,85,1,10
803,76,3,1
803,65,2,2
803,85,2,3
803,3,2,4
803,15,1,5
803,99,1,6
803,55,1,7
803,30,1,8
803,21,1,9
803,28,1,10
806,8,2,1
806,36,2,2
806,47,2,3
806,10,1,4
806,76,1,5
806,24,1,6
806,74,1,7
806,83,1,8
806,53,1,9
806,46,1,10
88,31,3,1
88,8,2,2
88,95,1,3
88,56,1,4
88,59,1,5
88,41,1,6
88,99,1,7
88,51,1,8
88,85,1,9
88,14,1,10
391,16,2,1
391,33,2,2
391,2,1,3
391,41,1,4
391,64,1,5
391,61,1,6
391,58,1,7
391,30,1,8
391,34,1,9
391,63,1,10
899,47,2,1
899,14,2,2
899,50,2,3
899,86,1,4
899,37,1,5
899,34,1,6
899,7,1,7
899,38,1,8
899,5,1,9
899,39,1,10
105,22,1,1
105,60,1,2
105,7,1,3
105,5,1,4
105,56,1,5
105,92,1,6
105,29,1,7
105,2,1,8
105,65,1,9
105,33,1,10
237,94,2,1
237,60,1,2
237,7,1,3
237,41,1,4
237,99,1,5
237,23,1,6
237,35,1,7
237,84,1,8
237,47,1,9
237,77,1,10
289,55,2,1
289,75,1,2
289,36,1,3
289,78,1,4
289,40,1,5
289,79,1,6
289,33,1,7
289,91,1,8
289,27,1,9
289,47,1,10
646,68,2,1
646,49,1,2
646,54,1,3
646,23,1,4
646,5,1,5
646,72,1,6
646,59,1,7
646,31,1,8
646,58,1,9
646,3,1,10
561,36,3,1
561,71,1,2
561,26,1,3
561,95,1,4
561,14,1,5
561,97,1,6
561,35,1,7
561,49,1,8
561,87,1,9
561,40,1,10
325,70,2,1
325,77,1,2
325,46,1,3
325,6,1,4
325,44,1,5
325,51,1,6
325,59,1,7
325,9,1,8
325,16,1,9
325,30,1,10
551,31,3,1
551,73,2,2
551,96,1,3
551,85,1,4
551,99,1,5
551,51,1,6
551,89,1,7
551,49,1,8
551,93,1,9
551,53,1,10
454,47,2,1
454,45,1,2
454,53,1,3
454,4,1,4
454,63,1,5
454,60,1,6
454,89,1,7
454,72,1,8
454,70,1,9
454,92,1,10
859,91,2,1
859,64,1,2
859,72,1,3
859,17,1,4
859,73,1,5
859,43,1,6
859,81,1,7
859,99,1,8
859,19,1,9
859,35,1,10
142,68,2,1
142,31,2,2
142,62,1,3
142,57,1,4
142,75,1,5
142,78,1,6
142,96,1,7
142,42,1,8
142,45,1,9
142,6,1,10
960,89,2,1
960,48,2,2
960,99,2,3
960,95,1,4
960,62,1,5
960,25,1,6
960,57,1,7
960,29,1,8
960,47,1,9
960,88,1,10
588,15,2,1
588,19,2,2
588,20,1,3
588,41,1,4
588,39,1,5
588,58,1,6
588,76,1,7
588,77,1,8
588,13,1,9
588,81,1,10
668,4,2,1
668,62,2,2
668,95,1,3
668,77,1,4
668,50,1,5
668,59,1,6
668,67,1,7
668,85,1,8
668,23,1,9
668,60,1,10
357,10,2,1
357,47,1,2
357,76,1,3
357,50,1,4
357,89,1,5
357,40,1,6
357,64,1,7
357,1,1,8
357,6,1,9
357,18,1,10
463,17,2,1
463,62,1,2
463,48,1,3
463,70,1,4
463,94,1,5
463,84,1,6
463,7,1,7
463,44,1,8
463,85,1,9
463,24,1,10
56,78,1,1
56,46,1,2
56,19,1,3
56,64,1,4
56,66,1,5
56,83,1,6
56,79,1,7
56,55,1,8
56,31,1,9
56,29,1,10
599,2,2,1
599,69,1,2
599,81,1,3
599,52,1,4
599,78,1,5
599,26,1,6
599,76,1,7
599,60,1,8
599,55,1,9
599,64,1,10
127,18,1,1
127,17,1,2
127,69,1,3
127,34,1,4
127,78,1,5
127,93,1,6
127,54,1,7
127,22,1,8
127,95,1,9
127,57,1,10
485,53,2,1
485,29,2,2
485,9,1,3
485,96,1,4
485,11,1,5
485,7,1,6
485,12,1,7
485,52,1,8
485,58,1,9
485,64,1,10
713,56,1,1
713,6,1,2
713,94,1,3
713,68,1,4
713,74,1,5
713,48,1,6
713,84,1,7
713,33,1,8
713,85,1,9
713,2,1,10
295,60,2,1
295,94,2,2
295,41,1,3
295,38,1,4
295,49,1,5
295,6,1,6
295,62,1,7
295,26,1,8
295,25,1,9
295,14,1,10
36,98,2,1
36,40,2,2
36,51,1,3
36,46,1,4
36,90,1,5
36,49,1,6
36,3,1,7
36,81,1,8
36,20,1,9
36,59,1,10
397,94,1,1
397,26,1,2
397,35,1,3
397,12,1,4
397,83,1,5
397,18,1,6
397,37,1,7
397,31,1,8
397,54,1,9
397,59,1,10
514,86,1,1
514,66,1,2
514,15,1,3
514,69,1,4
514,32,1,5
514,35,1,6
514,74,1,7
514,98,1,8
514,47,1,9
514,52,1,10
763,45,2,1
763,67,2,2
763,16,2,3
763,87,2,4
763,17,1,5
763,77,1,6
763,9,1,7
763,12,1,8
763,53,1,9
763,5,1,10
768,61,2,1
768,92,2,2
768,46,1,3
768,24,1,4
768,78,1,5
768,98,1,6
768,88,1,7
768,39,1,8
768,97,1,9
768,58,1,10
10,5,1,1
10,63,1,2
10,55,1,3
10,25,1,4
10,18,1,5
10,62,1,6
10,59,1,7
10,40,1,8
10,10,1,9
10,48,1,10
384,79,2,1
384,84,2,2
384,5,1,3
384,62,1,4
384,35,1,5
384,30,1,6
384,82,1,7
384,56,1,8
384,60,1,9
384,81,1,10
37,72,2,1
37,95,2,2
37,7,1,3
37,47,1,4
37,99,1,5
37,36,1,6
37,19,1,7
37,52,1,8
37,18,1,9
37,31,1,10
563,67,2,1
563,65,2,2
563,62,2,3
563,96,1,4
563,89,1,5
563,14,1,6
563,48,1,7
563,38,1,8
563,36,1,9
563,71,1,10
603,11,2,1
603,68,1,2
603,64,1,3
603,66,1,4
603,54,1,5
603,28,1,6
603,49,1,7
603,95,1,8
603,73,1,9
603,70,1,10
165,83,1,1
165,98,1,2
165,69,1,3
165,2,1,4
165,89,1,5
165,46,1,6
165,63,1,7
165,97,1,8
165,53,1,9
165,26,1,10
955,66,2,1
955,71,2,2
955,60,2,3
955,23,1,4
955,88,1,5
955,21,1,6
955,48,1,7
955,78,1,8
955,97,1,9
955,37,1,10
222,82,2,1
222,55,2,2
222,9,1,3
222,62,1,4
222,46,1,5
222,57,1,6
222,54,1,7
222,89,1,8
222,81,1,9
222,73,1,10
362,51,2,1
362,14,2,2
362,95,2,3
362,77,1,4
362,85,1,5
362,100,1,6
362,63,1,7
362,87,1,8
362,68,1,9
362,81,1,10
172,66,1,1
172,94,1,2
172,58,1,3
172,80,1,4
172,24,1,5
172,43,1,6
172,31,1,7
172,74,1,8
172,97,1,9
172,9,1,10
575,98,1,1
575,32,1,2
575,81,1,3
575,2,1,4
575,44,1,5
575,33,1,6
575,79,1,7
575,40,1,8
575,68,1,9
575,28,1,10
732,48,2,1
732,96,1,2
732,56,1,3
732,47,1,4
732,50,1,5
732,54,1,6
732,81,1,7
732,19,1,8
732,55,1,9
732,28,1,10
911,22,1,1
911,72,1,2
911,62,1,3
911,44,1,4
911,60,1,5
911,96,1,6
911,70,1,7
911,5,1,8
911,61,1,9
911,46,1,10
988,94,2,1
988,34,2,2
988,59,1,3
988,7,1,4
988,26,1,5
988,54,1,6
988,2,1,7
988,70,1,8
988,39,1,9
988,12,1,10
607,12,2,1
607,60,2,2
607,14,2,3
607,95,1,4
607,85,1,5
607,67,1,6
607,28,1,7
607,11,1,8
607,58,1,9
607,88,1,10
63,10,3,1
63,34,2,2
63,37,1,3
63,49,1,4
63,87,1,5
63,17,1,6
63,2,1,7
63,53,1,8
63,5,1,9
63,65,1,10
934,89,2,1
934,11,1,2
934,42,1,3
934,79,1,4
934,35,1,5
934,87,1,6
934,80,1,7
934,4,1,8
934,65,1,9
934,36,1,10
235,11,2,1
235,17,1,2
235,62,1,3
235,76,1,4
235,47,1,5
235,58,1,6
235,79,1,7
235,51,1,8
235,66,1,9
235,71,1,10
752,40,2,1
752,23,1,2
752,21,1,3
752,9,1,4
752,45,1,5
752,61,1,6
752,29,1,7
752,35,1,8
752,71,1,9
752,43,1,10
265,31,2,1
265,19,2,2
265,36,2,3
265,10,1,4
265,81,1,5
265,56,1,6
265,69,1,7
265,64,1,8
265,39,1,9
265,6,1,10
331,54,2,1
331,41,2,2
331,91,2,3
331,6,2,4
331,96,2,5
331,75,1,6
331,17,1,7
331,63,1,8
331,21,1,9
331,61,1,10
498,77,2,1
498,99,1,2
498,44,1,3
498,10,1,4
498,28,1,5
498,7,1,6
498,19,1,7
498,76,1,8
498,32,1,9
498,53,1,10
580,13,2,1
580,27,1,2
580,14,1,3
580,16,1,4
580,51,1,5
580,17,1,6
580,64,1,7
580,50,1,8
580,82,1,9
580,26,1,10
762,50,2,1
762,74,1,2
762,88,1,3
762,59,1,4
762,63,1,5
762,8,1,6
762,37,1,7
762,24,1,8
762,21,1,9
762,13,1,10
641,29,2,1
641,86,1,2
641,40,1,3
641,92,1,4
641,26,1,5
641,10,1,6
641,91,1,7
641,99,1,8
641,37,1,9
641,41,1,10
39,62,2,1
39,97,1,2
39,26,1,3
39,91,1,4
39,85,1,5
39,90,1,6
39,9,1,7
39,58,1,8
39,46,1,9
39,40,1,10
426,73,2,1
426,20,1,2
426,83,1,3
426,33,1,4
426,88,1,5
426,51,1,6
426,95,1,7
426,3,1,8
426,91,1,9
426,53,1,10
795,47,2,1
795,18,1,2
795,98,1,3
795,41,1,4
795,90,1,5
795,43,1,6
795,39,1,7
795,79,1,8
795,2,1,9
795,92,1,10
855,43,2,1
855,14,1,2
855,88,1,3
855,93,1,4
855,38,1,5
855,57,1,6
855,92,1,7
855,27,1,8
210,34,1,1
210,31,1,2
210,92,1,3
210,67,1,4
210,95,1,5
210,94,1,6
210,60,1,7
210,56,1,8
210,52,1,9
210,82,1,10
411,29,2,1
411,5,2,2
411,26,2,3
411,79,2,4
411,74,2,5
411,82,1,6
411,48,1,7
411,99,1,8
411,95,1,9
411,71,1,10
510,51,2,1
510,43,2,2
510,11,1,3
510,78,1,4
510,71,1,5
510,17,1,6
510,32,1,7
510,3,1,8
510,27,1,9
510,94,1,10
784,46,2,1
784,76,1,2
784,18,1,3
784,48,1,4
784,83,1,5
784,77,1,6
784,39,1,7
784,65,1,8
784,11,1,9
784,22,1,10
871,52,2,1
871,25,2,2
871,60,1,3
871,19,1,4
871,24,1,5
871,58,1,6
871,95,1,7
871,5,1,8
871,63,1,9
871,66,1,10
704,40,2,1
704,81,2,2
704,69,1,3
704,76,1,4
704,41,1,5
704,33,1,6
704,45,1,7
704,60,1,8
704,58,1,9
734,87,1,1
734,54,1,2
734,98,1,3
734,65,1,4
734,48,1,5
734,73,1,6
734,59,1,7
734,84,1,8
734,8,1,9
734,39,1,10
775,24,2,1
775,51,2,2
775,67,1,3
775,74,1,4
775,18,1,5
775,16,1,6
775,55,1,7
775,12,1,8
775,37,1,9
775,34,1,10
883,96,1,1
883,82,1,2
883,77,1,3
883,46,1,4
883,8,1,5
883,70,1,6
883,55,1,7
883,63,1,8
883,9,1,9
883,74,1,10
12,82,2,1
12,35,2,2
12,7,1,3
12,64,1,4
12,80,1,5
12,40,1,6
12,39,1,7
12,42,1,8
12,13,1,9
12,79,1,10
473,13,2,1
473,60,2,2
473,64,1,3
473,23,1,4
473,59,1,5
473,50,1,6
473,97,1,7
473,11,1,8
473,77,1,9
473,98,1,10
618,61,1,1
618,57,1,2
618,96,1,3
618,18,1,4
618,60,1,5
618,41,1,6
618,36,1,7
618,32,1,8
618,37,1,9
618,23,1,10
630,37,2,1
630,34,1,2
630,99,1,3
630,55,1,4
630,82,1,5
630,92,1,6
630,93,1,7
630,13,1,8
630,16,1,9
630,85,1,10
417,6,2,1
417,75,2,2
417,54,1,3
417,30,1,4
417,82,1,5
417,35,1,6
417,37,1,7
417,36,1,8
417,89,1,9
417,9,1,10
557,44,2,1
557,27,1,2
557,59,1,3
557,17,1,4
557,64,1,5
557,88,1,6
557,31,1,7
557,39,1,8
557,11,1,9
557,78,1,10
844,60,2,1
844,89,1,2
844,15,1,3
844,65,1,4
844,71,1,5
844,44,1,6
844,21,1,7
844,81,1,8
844,8,1,9
844,52,1,10
518,4,2,1
518,86,1,2
518,9,1,3
518,30,1,4
518,95,1,5
518,27,1,6
518,59,1,7
518,62,1,8
518,93,1,9
518,50,1,10
735,75,1,1
735,1,1,2
735,35,1,3
735,33,1,4
735,22,1,5
735,97,1,6
735,2,1,7
735,73,1,8
735,52,1,9
735,72,1,10
764,7,1,1
764,3,1,2
764,32,1,3
764,6,1,4
764,23,1,5
764,87,1,6
764,10,1,7
764,26,1,8
764,22,1,9
764,4,1,10
887,3,2,1
887,33,2,2
887,35,2,3
887,25,1,4
887,2,1,5
887,32,1,6
887,75,1,7
887,84,1,8
887,70,1,9
887,48,1,10
915,18,2,1
915,93,2,2
915,83,1,3
915,49,1,4
915,14,1,5
915,76,1,6
915,84,1,7
915,27,1,8
915,52,1,9
915,19,1,10
396,72,2,1
396,31,1,2
396,83,1,3
396,35,1,4
396,26,1,5
396,63,1,6
396,70,1,7
396,33,1,8
396,16,1,9
396,76,1,10
900,92,1,1
900,37,1,2
900,88,1,3
900,13,1,4
900,6,1,5
900,67,1,6
900,91,1,7
900,86,1,8
900,50,1,9
900,19,1,10
587,56,2,1
587,46,1,2
587,40,1,3
587,17,1,4
587,72,1,5
587,86,1,6
587,98,1,7
587,89,1,8
587,27,1,9
587,33,1,10
445,68,2,1
445,39,2,2
445,65,1,3
445,46,1,4
445,35,1,5
445,8,1,6
445,38,1,7
445,60,1,8
445,88,1,9
445,69,1,10
602,96,2,1
602,17,2,2
602,74,2,3
602,91,1,4
602,82,1,5
602,51,1,6
602,70,1,7
602,67,1,8
602,86,1,9
602,45,1,10
996,55,2,1
996,48,1,2
996,75,1,3
996,93,1,4
996,73,1,5
996,78,1,6
996,1,1,7
996,95,1,8
996,70,1,9
996,2,1,10
157,9,2,1
157,85,1,2
157,11,1,3
157,24,1,4
157,25,1,5
157,15,1,6
157,84,1,7
157,67,1,8
157,3,1,9
157,87,1,10
191,19,3,1
191,77,2,2
191,37,1,3
191,67,1,4
191,50,1,5
191,99,1,6
191,27,1,7
191,36,1,8
191,80,1,9
191,23,1,10
260,28,3,1
260,67,1,2
260,5,1,3
260,43,1,4
260,40,1,5
260,13,1,6
260,68,1,7
260,71,1,8
260,86,1,9
260,95,1,10
14,23,1,1
14,69,1,2
14,93,1,3
14,97,1,4
14,11,1,5
14,92,1,6
14,41,1,7
14,29,1,8
14,98,1,9
14,33,1,10
182,62,2,1
182,41,1,2
182,69,1,3
182,64,1,4
182,75,1,5
182,27,1,6
182,89,1,7
182,10,1,8
182,93,1,9
182,6,1,10
831,60,1,1
831,44,1,2
831,34,1,3
831,82,1,4
831,40,1,5
831,64,1,6
831,75,1,7
831,89,1,8
831,8,1,9
831,92,1,10
264,89,2,1
264,82,2,2
264,24,1,3
264,34,1,4
264,19,1,5
264,22,1,6
264,94,1,7
264,28,1,8
264,8,1,9
264,87,1,10
508,65,2,1
508,61,1,2
508,37,1,3
508,96,1,4
508,89,1,5
508,51,1,6
508,99,1,7
508,74,1,8
508,45,1,9
508,46,1,10
175,96,3,1
175,21,3,2
175,18,1,3
175,27,1,4
175,81,1,5
175,23,1,6
175,49,1,7
175,84,1,8
175,94,1,9
175,32,1,10
760,14,1,1
760,100,1,2
760,11,1,3
760,5,1,4
760,13,1,5
760,85,1,6
760,59,1,7
760,54,1,8
760,50,1,9
760,6,1,10
91,91,1,1
91,53,1,2
91,21,1,3
91,34,1,4
91,8,1,5
91,96,1,6
91,16,1,7
91,40,1,8
91,23,1,9
94,36,2,1
94,46,1,2
94,29,1,3
94,85,1,4
94,42,1,5
94,87,1,6
94,27,1,7
94,43,1,8
94,100,1,9
94,13,1,10
137,9,1,1
137,40,1,2
137,72,1,3
137,82,1,4
137,42,1,5
137,90,1,6
137,52,1,7
137,57,1,8
137,94,1,9
137,1,1,10
72,67,2,1
72,89,2,2
72,33,1,3
72,46,1,4
72,24,1,5
72,60,1,6
72,40,1,7
72,32,1,8
72,39,1,9
72,96,1,10
637,78,2,1
637,19,1,2
637,28,1,3
637,14,1,4
637,65,1,5
637,23,1,6
637,88,1,7
637,84,1,8
637,59,1,9
637,18,1,10
758,25,2,1
758,15,1,2
758,37,1,3
758,8,1,4
758,71,1,5
758,18,1,6
758,14,1,7
758,80,1,8
758,79,1,9
758,4,1,10
151,85,2,1
151,40,2,2
151,9,1,3
151,71,1,4
151,26,1,5
151,45,1,6
151,21,1,7
151,33,1,8
151,49,1,9
151,95,1,10
321,93,1,1
321,62,1,2
321,52,1,3
321,80,1,4
321,84,1,5
321,13,1,6
321,60,1,7
321,74,1,8
321,45,1,9
321,72,1,10
367,6,2,1
367,2,2,2
367,93,2,3
367,27,1,4
367,36,1,5
367,64,1,6
367,9,1,7
367,62,1,8
367,55,1,9
367,68,1,10
487,87,1,1
487,43,1,2
487,61,1,3
487,59,1,4
487,62,1,5
487,48,1,6
487,63,1,7
487,82,1,8
487,89,1,9
487,98,1,10
809,59,2,1
809,31,1,2
809,15,1,3
809,70,1,4
809,3,1,5
809,85,1,6
809,61,1,7
809,96,1,8
809,73,1,9
809,66,1,10
262,69,2,1
262,60,2,2
262,44,1,3
262,20,1,4
262,24,1,5
262,29,1,6
262,73,1,7
262,62,1,8
262,94,1,9
262,19,1,10
499,84,2,1
499,83,2,2
499,58,1,3
499,32,1,4
499,43,1,5
499,8,1,6
499,92,1,7
499,44,1,8
499,82,1,9
499,21,1,10
984,81,1,1
984,85,1,2
984,52,1,3
984,43,1,4
984,97,1,5
984,77,1,6
984,76,1,7
984,59,1,8
984,67,1,9
984,17,1,10
129,26,2,1
129,66,1,2
129,97,1,3
129,48,1,4
129,33,1,5
129,59,1,6
129,71,1,7
129,80,1,8
129,73,1,9
129,84,1,10
579,41,2,1
579,44,1,2
579,32,1,3
579,7,1,4
579,49,1,5
579,75,1,6
579,95,1,7
579,22,1,8
579,92,1,9
579,96,1,10
608,92,2,1
608,80,2,2
608,15,1,3
608,34,1,4
608,98,1,5
608,46,1,6
608,4,1,7
608,79,1,8
608,88,1,9
608,61,1,10
76,60,2,1
76,52,2,2
76,55,2,3
76,98,1,4
76,61,1,5
76,35,1,6
76,71,1,7
76,56,1,8
76,2,1,9
76,74,1,10
196,18,1,1
196,96,1,2
196,69,1,3
196,76,1,4
196,43,1,5
196,12,1,6
196,30,1,7
196,79,1,8
196,75,1,9
196,54,1,10
2,62,2,1
2,57,2,2
2,42,1,3
2,60,1,4
2,8,1,5
2,46,1,6
2,99,1,7
2,6,1,8
2,51,1,9
2,36,1,10
278,13,1,1
278,50,1,2
278,60,1,3
278,78,1,4
278,71,1,5
278,75,1,6
278,5,1,7
278,64,1,8
278,20,1,9
278,7,1,10
435,45,3,1
435,88,2,2
435,29,2,3
435,15,1,4
435,24,1,5
435,53,1,6
435,80,1,7
435,94,1,8
435,72,1,9
435,79,1,10
848,69,2,1
848,96,1,2
848,41,1,3
848,55,1,4
848,43,1,5
848,64,1,6
848,61,1,7
848,36,1,8
848,19,1,9
848,31,1,10
972,60,2,1
972,48,2,2
972,45,1,3
972,71,1,4
972,51,1,5
972,19,1,6
972,8,1,7
972,14,1,8
972,70,1,9
972,86,1,10
324,53,2,1
324,45,1,2
324,77,1,3
324,4,1,4
324,44,1,5
324,72,1,6
324,30,1,7
324,49,1,8
324,66,1,9
324,28,1,10
340,92,2,1
340,56,1,2
340,42,1,3
340,28,1,4
340,39,1,5
340,12,1,6
340,60,1,7
340,9,1,8
340,2,1,9
340,95,1,10
504,48,2,1
504,41,1,2
504,22,1,3
504,20,1,4
504,88,1,5
504,39,1,6
504,49,1,7
504,56,1,8
504,15,1,9
504,97,1,10
569,56,2,1
569,3,2,2
569,91,1,3
569,40,1,4
569,98,1,5
569,8,1,6
569,59,1,7
569,39,1,8
569,51,1,9
569,95,1,10
693,24,2,1
693,34,2,2
693,98,1,3
693,46,1,4
693,42,1,5
693,38,1,6
693,97,1,7
693,40,1,8
693,88,1,9
693,9,1,10
80,89,3,1
80,46,2,2
80,85,2,3
80,35,2,4
80,19,1,5
80,94,1,6
80,30,1,7
80,25,1,8
80,8,1,9
80,68,1,10
814,80,2,1
814,10,1,2
814,75,1,3
814,91,1,4
814,66,1,5
814,86,1,6
814,21,1,7
814,82,1,8
814,46,1,9
814,64,1,10
301,36,2,1
301,74,1,2
301,56,1,3
301,70,1,4
301,44,1,5
301,11,1,6
301,84,1,7
301,73,1,8
301,25,1,9
301,97,1,10
611,97,2,1
611,96,1,2
611,58,1,3
611,59,1,4
611,30,1,5
611,100,1,6
611,89,1,7
611,1,1,8
611,52,1,9
611,70,1,10
707,85,2,1
707,87,2,2
707,50,1,3
707,73,1,4
707,17,1,5
707,9,1,6
707,22,1,7
707,53,1,8
707,8,1,9
707,38,1,10
717,87,2,1
717,83,2,2
717,13,1,3
717,4,1,4
717,51,1,5
717,44,1,6
717,89,1,7
717,48,1,8
717,84,1,9
717,66,1,10
532,76,2,1
532,100,1,2
532,3,1,3
532,65,1,4
532,89,1,5
532,19,1,6
532,13,1,7
532,86,1,8
532,36,1,9
532,47,1,10
872,32,3,1
872,82,2,2
872,78,2,3
872,24,2,4
872,3,1,5
872,74,1,6
872,88,1,7
872,80,1,8
872,5,1,9
872,58,1,10
330,50,2,1
330,41,1,2
330,69,1,3
330,77,1,4
330,24,1,5
330,74,1,6
330,6,1,7
330,3,1,8
330,86,1,9
330,83,1,10
50,26,1,1
50,29,1,2
50,95,1,3
50,65,1,4
50,18,1,5
50,72,1,6
50,24,1,7
50,39,1,8
50,45,1,9
50,98,1,10
920,92,2,1
920,99,2,2
920,86,1,3
920,18,1,4
920,42,1,5
920,59,1,6
920,33,1,7
920,48,1,8
920,15,1,9
920,5,1,10
332,49,2,1
332,96,2,2
332,94,2,3
332,86,2,4
332,72,1,5
332,92,1,6
332,51,1,7
332,85,1,8
332,53,1,9
332,13,1,10
45,22,2,1
45,50,1,2
45,86,1,3
45,81,1,4
45,39,1,5
45,59,1,6
45,74,1,7
45,15,1,8
45,85,1,9
45,43,1,10
861,23,1,1
861,8,1,2
861,83,1,3
861,13,1,4
861,84,1,5
861,48,1,6
861,87,1,7
861,32,1,8
861,58,1,9
861,36,1,10
216,9,3,1
216,73,2,2
216,88,1,3
216,16,1,4
216,63,1,5
216,54,1,6
216,82,1,7
216,23,1,8
216,86,1,9
216,31,1,10
881,21,1,1
881,68,1,2
881,86,1,3
881,14,1,4
881,90,1,5
881,20,1,6
881,99,1,7
881,95,1,8
881,40,1,9
881,79,1,10
990,6,1,1
990,84,1,2
990,57,1,3
990,60,1,4
990,61,1,5
990,38,1,6
990,83,1,7
990,15,1,8
990,48,1,9
990,35,1,10
898,60,1,1
898,99,1,2
898,58,1,3
898,25,1,4
898,86,1,5
898,94,1,6
898,89,1,7
898,3,1,8
898,32,1,9
898,1,1,10
699,36,2,1
699,77,2,2
699,86,1,3
699,55,1,4
699,61,1,5
699,16,1,6
699,54,1,7
699,93,1,8
699,62,1,9
699,38,1,10
